row,A,B,C,D,E,F,G,H,I,K
1,"IF(ISBLANK('Summary Sheet'!B3),""  "",'Summary Sheet'!B3)",,,,,,,,,"Hide Columns ""M"" & ""N"" once finished by selecting the columns and right-clicking, then select ""hide columns"""
2,Product Description                                      ,,,,,,,,,Total Number of units in Type:
3,S/N,Description,Quantity,SKU,List Price,Unit Price,Amount,,,
4,,,pc,,,(USD),(USD),,,
5,I,Cabinet,,,,,,Handles,Total Handles,"Put Cabinet SKU's in Column B and Quantities in Column C. If a SKU is a non-standard SKU, check the bottom of the drop down for known custom items denoted with a ""*"" at the front of them. If your item is not listed, you may need to get pricing from the manufacturer. Put Trim and Accessories in the GRAY boxes starting at ROW 51."
6,1,B21FD,32,"IF(ISBLANK(B6),"" "",IF('Summary Sheet'!$M$2=""Framed"",VLOOKUP(B6,'Framed Catalog List Price'!$B$5:$T$403,List!$C$75,FALSE),IF('Summary Sheet'!$M$2=""Frameless"",VLOOKUP(B6,'Frameless Catalog List Price'!$B$5:$Z$418,List!$D$75,FALSE))))","IF(ISBLANK(B6),"" "",IF('Summary Sheet'!$M$2=""Framed"",VLOOKUP(B6,'Framed Catalog List Price'!$B$5:$T$403,List!$C$76,FALSE),IF('Summary Sheet'!$M$2=""Frameless"",VLOOKUP(B6,'Frameless Catalog List Price'!$B$5:$Z$418,List!$D$76,FALSE))))","IF(ISBLANK(B6), "" "",E6*'Summary Sheet'!M$6)","IF(ISBLANK(B6), "" "", C6*F6)","IF(ISBLANK(B6),"" "",IF('Summary Sheet'!$M$2=""Framed"",VLOOKUP(B6,'Framed Catalog List Price'!$B$5:$T$403,18,FALSE),IF('Summary Sheet'!$M$2=""Frameless"",VLOOKUP(B6,'Frameless Catalog List Price'!$B$5:$Z$418,24,FALSE))))","IF(ISBLANK(B6), "" "", H6*C6)",
7,2,,,"IF(ISBLANK(B7),"" "",IF('Summary Sheet'!$M$2=""Framed"",VLOOKUP(B7,'Framed Catalog List Price'!$B$5:$T$403,List!$C$75,FALSE),IF('Summary Sheet'!$M$2=""Frameless"",VLOOKUP(B7,'Frameless Catalog List Price'!$B$5:$Z$418,List!$D$75,FALSE))))","IF(ISBLANK(B7),"" "",IF('Summary Sheet'!$M$2=""Framed"",VLOOKUP(B7,'Framed Catalog List Price'!$B$5:$T$403,List!$C$76,FALSE),IF('Summary Sheet'!$M$2=""Frameless"",VLOOKUP(B7,'Frameless Catalog List Price'!$B$5:$Z$418,List!$D$76,FALSE))))","IF(ISBLANK(B7), "" "",E7*'Summary Sheet'!M$6)", ,"IF(ISBLANK(B7),"" "",IF('Summary Sheet'!$M$2=""Framed"",VLOOKUP(B7,'Framed Catalog List Price'!$B$5:$T$403,18,FALSE),IF('Summary Sheet'!$M$2=""Frameless"",VLOOKUP(B7,'Frameless Catalog List Price'!$B$5:$Z$418,24,FALSE))))", ,
8,3,,,"IF(ISBLANK(B8),"" "",IF('Summary Sheet'!$M$2=""Framed"",VLOOKUP(B8,'Framed Catalog List Price'!$B$5:$T$403,List!$C$75,FALSE),IF('Summary Sheet'!$M$2=""Frameless"",VLOOKUP(B8,'Frameless Catalog List Price'!$B$5:$Z$418,List!$D$75,FALSE))))","IF(ISBLANK(B8),"" "",IF('Summary Sheet'!$M$2=""Framed"",VLOOKUP(B8,'Framed Catalog List Price'!$B$5:$T$403,List!$C$76,FALSE),IF('Summary Sheet'!$M$2=""Frameless"",VLOOKUP(B8,'Frameless Catalog List Price'!$B$5:$Z$418,List!$D$76,FALSE))))","IF(ISBLANK(B8), "" "",E8*'Summary Sheet'!M$6)", ,"IF(ISBLANK(B8),"" "",IF('Summary Sheet'!$M$2=""Framed"",VLOOKUP(B8,'Framed Catalog List Price'!$B$5:$T$403,18,FALSE),IF('Summary Sheet'!$M$2=""Frameless"",VLOOKUP(B8,'Frameless Catalog List Price'!$B$5:$Z$418,24,FALSE))))", ,
9,4,,,"IF(ISBLANK(B9),"" "",IF('Summary Sheet'!$M$2=""Framed"",VLOOKUP(B9,'Framed Catalog List Price'!$B$5:$T$403,List!$C$75,FALSE),IF('Summary Sheet'!$M$2=""Frameless"",VLOOKUP(B9,'Frameless Catalog List Price'!$B$5:$Z$418,List!$D$75,FALSE))))","IF(ISBLANK(B9),"" "",IF('Summary Sheet'!$M$2=""Framed"",VLOOKUP(B9,'Framed Catalog List Price'!$B$5:$T$403,List!$C$76,FALSE),IF('Summary Sheet'!$M$2=""Frameless"",VLOOKUP(B9,'Frameless Catalog List Price'!$B$5:$Z$418,List!$D$76,FALSE))))","IF(ISBLANK(B9), "" "",E9*'Summary Sheet'!M$6)", ,"IF(ISBLANK(B9),"" "",IF('Summary Sheet'!$M$2=""Framed"",VLOOKUP(B9,'Framed Catalog List Price'!$B$5:$T$403,18,FALSE),IF('Summary Sheet'!$M$2=""Frameless"",VLOOKUP(B9,'Frameless Catalog List Price'!$B$5:$Z$418,24,FALSE))))", ,
10,5,,,"IF(ISBLANK(B10),"" "",IF('Summary Sheet'!$M$2=""Framed"",VLOOKUP(B10,'Framed Catalog List Price'!$B$5:$T$403,List!$C$75,FALSE),IF('Summary Sheet'!$M$2=""Frameless"",VLOOKUP(B10,'Frameless Catalog List Price'!$B$5:$Z$418,List!$D$75,FALSE))))","IF(ISBLANK(B10),"" "",IF('Summary Sheet'!$M$2=""Framed"",VLOOKUP(B10,'Framed Catalog List Price'!$B$5:$T$403,List!$C$76,FALSE),IF('Summary Sheet'!$M$2=""Frameless"",VLOOKUP(B10,'Frameless Catalog List Price'!$B$5:$Z$418,List!$D$76,FALSE))))","IF(ISBLANK(B10), "" "",E10*'Summary Sheet'!M$6)", ,"IF(ISBLANK(B10),"" "",IF('Summary Sheet'!$M$2=""Framed"",VLOOKUP(B10,'Framed Catalog List Price'!$B$5:$T$403,18,FALSE),IF('Summary Sheet'!$M$2=""Frameless"",VLOOKUP(B10,'Frameless Catalog List Price'!$B$5:$Z$418,24,FALSE))))", ,
11,6,,,"IF(ISBLANK(B11),"" "",IF('Summary Sheet'!$M$2=""Framed"",VLOOKUP(B11,'Framed Catalog List Price'!$B$5:$T$403,List!$C$75,FALSE),IF('Summary Sheet'!$M$2=""Frameless"",VLOOKUP(B11,'Frameless Catalog List Price'!$B$5:$Z$418,List!$D$75,FALSE))))","IF(ISBLANK(B11),"" "",IF('Summary Sheet'!$M$2=""Framed"",VLOOKUP(B11,'Framed Catalog List Price'!$B$5:$T$403,List!$C$76,FALSE),IF('Summary Sheet'!$M$2=""Frameless"",VLOOKUP(B11,'Frameless Catalog List Price'!$B$5:$Z$418,List!$D$76,FALSE))))","IF(ISBLANK(B11), "" "",E11*'Summary Sheet'!M$6)", ,"IF(ISBLANK(B11),"" "",IF('Summary Sheet'!$M$2=""Framed"",VLOOKUP(B11,'Framed Catalog List Price'!$B$5:$T$403,18,FALSE),IF('Summary Sheet'!$M$2=""Frameless"",VLOOKUP(B11,'Frameless Catalog List Price'!$B$5:$Z$418,24,FALSE))))", ,"If you need more rows, you can unhide existing rows by right clicking the column and selecting ""Unhide""."
12,7,,,"IF(ISBLANK(B12),"" "",IF('Summary Sheet'!$M$2=""Framed"",VLOOKUP(B12,'Framed Catalog List Price'!$B$5:$T$403,List!$C$75,FALSE),IF('Summary Sheet'!$M$2=""Frameless"",VLOOKUP(B12,'Frameless Catalog List Price'!$B$5:$Z$418,List!$D$75,FALSE))))","IF(ISBLANK(B12),"" "",IF('Summary Sheet'!$M$2=""Framed"",VLOOKUP(B12,'Framed Catalog List Price'!$B$5:$T$403,List!$C$76,FALSE),IF('Summary Sheet'!$M$2=""Frameless"",VLOOKUP(B12,'Frameless Catalog List Price'!$B$5:$Z$418,List!$D$76,FALSE))))","IF(ISBLANK(B12), "" "",E12*'Summary Sheet'!M$6)", ,"IF(ISBLANK(B12),"" "",IF('Summary Sheet'!$M$2=""Framed"",VLOOKUP(B12,'Framed Catalog List Price'!$B$5:$T$403,18,FALSE),IF('Summary Sheet'!$M$2=""Frameless"",VLOOKUP(B12,'Frameless Catalog List Price'!$B$5:$Z$418,24,FALSE))))", ,
13,8,,,"IF(ISBLANK(B13),"" "",IF('Summary Sheet'!$M$2=""Framed"",VLOOKUP(B13,'Framed Catalog List Price'!$B$5:$T$403,List!$C$75,FALSE),IF('Summary Sheet'!$M$2=""Frameless"",VLOOKUP(B13,'Frameless Catalog List Price'!$B$5:$Z$418,List!$D$75,FALSE))))","IF(ISBLANK(B13),"" "",IF('Summary Sheet'!$M$2=""Framed"",VLOOKUP(B13,'Framed Catalog List Price'!$B$5:$T$403,List!$C$76,FALSE),IF('Summary Sheet'!$M$2=""Frameless"",VLOOKUP(B13,'Frameless Catalog List Price'!$B$5:$Z$418,List!$D$76,FALSE))))","IF(ISBLANK(B13), "" "",E13*'Summary Sheet'!M$6)", ,"IF(ISBLANK(B13),"" "",IF('Summary Sheet'!$M$2=""Framed"",VLOOKUP(B13,'Framed Catalog List Price'!$B$5:$T$403,18,FALSE),IF('Summary Sheet'!$M$2=""Frameless"",VLOOKUP(B13,'Frameless Catalog List Price'!$B$5:$Z$418,24,FALSE))))", ,
14,9,,,"IF(ISBLANK(B14),"" "",IF('Summary Sheet'!$M$2=""Framed"",VLOOKUP(B14,'Framed Catalog List Price'!$B$5:$T$403,List!$C$75,FALSE),IF('Summary Sheet'!$M$2=""Frameless"",VLOOKUP(B14,'Frameless Catalog List Price'!$B$5:$Z$418,List!$D$75,FALSE))))","IF(ISBLANK(B14),"" "",IF('Summary Sheet'!$M$2=""Framed"",VLOOKUP(B14,'Framed Catalog List Price'!$B$5:$T$403,List!$C$76,FALSE),IF('Summary Sheet'!$M$2=""Frameless"",VLOOKUP(B14,'Frameless Catalog List Price'!$B$5:$Z$418,List!$D$76,FALSE))))","IF(ISBLANK(B14), "" "",E14*'Summary Sheet'!M$6)", ,"IF(ISBLANK(B14),"" "",IF('Summary Sheet'!$M$2=""Framed"",VLOOKUP(B14,'Framed Catalog List Price'!$B$5:$T$403,18,FALSE),IF('Summary Sheet'!$M$2=""Frameless"",VLOOKUP(B14,'Frameless Catalog List Price'!$B$5:$Z$418,24,FALSE))))", ,
15,10,,,"IF(ISBLANK(B15),"" "",IF('Summary Sheet'!$M$2=""Framed"",VLOOKUP(B15,'Framed Catalog List Price'!$B$5:$T$403,List!$C$75,FALSE),IF('Summary Sheet'!$M$2=""Frameless"",VLOOKUP(B15,'Frameless Catalog List Price'!$B$5:$Z$418,List!$D$75,FALSE))))","IF(ISBLANK(B15),"" "",IF('Summary Sheet'!$M$2=""Framed"",VLOOKUP(B15,'Framed Catalog List Price'!$B$5:$T$403,List!$C$76,FALSE),IF('Summary Sheet'!$M$2=""Frameless"",VLOOKUP(B15,'Frameless Catalog List Price'!$B$5:$Z$418,List!$D$76,FALSE))))","IF(ISBLANK(B15), "" "",E15*'Summary Sheet'!M$6)", ,"IF(ISBLANK(B15),"" "",IF('Summary Sheet'!$M$2=""Framed"",VLOOKUP(B15,'Framed Catalog List Price'!$B$5:$T$403,18,FALSE),IF('Summary Sheet'!$M$2=""Frameless"",VLOOKUP(B15,'Frameless Catalog List Price'!$B$5:$Z$418,24,FALSE))))", ,
16,11,,,"IF(ISBLANK(B16),"" "",IF('Summary Sheet'!$M$2=""Framed"",VLOOKUP(B16,'Framed Catalog List Price'!$B$5:$T$403,List!$C$75,FALSE),IF('Summary Sheet'!$M$2=""Frameless"",VLOOKUP(B16,'Frameless Catalog List Price'!$B$5:$Z$418,List!$D$75,FALSE))))","IF(ISBLANK(B16),"" "",IF('Summary Sheet'!$M$2=""Framed"",VLOOKUP(B16,'Framed Catalog List Price'!$B$5:$T$403,List!$C$76,FALSE),IF('Summary Sheet'!$M$2=""Frameless"",VLOOKUP(B16,'Frameless Catalog List Price'!$B$5:$Z$418,List!$D$76,FALSE))))","IF(ISBLANK(B16), "" "",E16*'Summary Sheet'!M$6)", ,"IF(ISBLANK(B16),"" "",IF('Summary Sheet'!$M$2=""Framed"",VLOOKUP(B16,'Framed Catalog List Price'!$B$5:$T$403,18,FALSE),IF('Summary Sheet'!$M$2=""Frameless"",VLOOKUP(B16,'Frameless Catalog List Price'!$B$5:$Z$418,24,FALSE))))", ,
17,12,,,"IF(ISBLANK(B17),"" "",IF('Summary Sheet'!$M$2=""Framed"",VLOOKUP(B17,'Framed Catalog List Price'!$B$5:$T$403,List!$C$75,FALSE),IF('Summary Sheet'!$M$2=""Frameless"",VLOOKUP(B17,'Frameless Catalog List Price'!$B$5:$Z$418,List!$D$75,FALSE))))","IF(ISBLANK(B17),"" "",IF('Summary Sheet'!$M$2=""Framed"",VLOOKUP(B17,'Framed Catalog List Price'!$B$5:$T$403,List!$C$76,FALSE),IF('Summary Sheet'!$M$2=""Frameless"",VLOOKUP(B17,'Frameless Catalog List Price'!$B$5:$Z$418,List!$D$76,FALSE))))","IF(ISBLANK(B17), "" "",E17*'Summary Sheet'!M$6)", ,"IF(ISBLANK(B17),"" "",IF('Summary Sheet'!$M$2=""Framed"",VLOOKUP(B17,'Framed Catalog List Price'!$B$5:$T$403,18,FALSE),IF('Summary Sheet'!$M$2=""Frameless"",VLOOKUP(B17,'Frameless Catalog List Price'!$B$5:$Z$418,24,FALSE))))", ,
18,13,,,"IF(ISBLANK(B18),"" "",IF('Summary Sheet'!$M$2=""Framed"",VLOOKUP(B18,'Framed Catalog List Price'!$B$5:$T$403,List!$C$75,FALSE),IF('Summary Sheet'!$M$2=""Frameless"",VLOOKUP(B18,'Frameless Catalog List Price'!$B$5:$Z$418,List!$D$75,FALSE))))","IF(ISBLANK(B18),"" "",IF('Summary Sheet'!$M$2=""Framed"",VLOOKUP(B18,'Framed Catalog List Price'!$B$5:$T$403,List!$C$76,FALSE),IF('Summary Sheet'!$M$2=""Frameless"",VLOOKUP(B18,'Frameless Catalog List Price'!$B$5:$Z$418,List!$D$76,FALSE))))","IF(ISBLANK(B18), "" "",E18*'Summary Sheet'!M$6)", ,"IF(ISBLANK(B18),"" "",IF('Summary Sheet'!$M$2=""Framed"",VLOOKUP(B18,'Framed Catalog List Price'!$B$5:$T$403,18,FALSE),IF('Summary Sheet'!$M$2=""Frameless"",VLOOKUP(B18,'Frameless Catalog List Price'!$B$5:$Z$418,24,FALSE))))", ,
19,14,,,"IF(ISBLANK(B19),"" "",IF('Summary Sheet'!$M$2=""Framed"",VLOOKUP(B19,'Framed Catalog List Price'!$B$5:$T$403,List!$C$75,FALSE),IF('Summary Sheet'!$M$2=""Frameless"",VLOOKUP(B19,'Frameless Catalog List Price'!$B$5:$Z$418,List!$D$75,FALSE))))","IF(ISBLANK(B19),"" "",IF('Summary Sheet'!$M$2=""Framed"",VLOOKUP(B19,'Framed Catalog List Price'!$B$5:$T$403,List!$C$76,FALSE),IF('Summary Sheet'!$M$2=""Frameless"",VLOOKUP(B19,'Frameless Catalog List Price'!$B$5:$Z$418,List!$D$76,FALSE))))","IF(ISBLANK(B19), "" "",E19*'Summary Sheet'!M$6)", ,"IF(ISBLANK(B19),"" "",IF('Summary Sheet'!$M$2=""Framed"",VLOOKUP(B19,'Framed Catalog List Price'!$B$5:$T$403,18,FALSE),IF('Summary Sheet'!$M$2=""Frameless"",VLOOKUP(B19,'Frameless Catalog List Price'!$B$5:$Z$418,24,FALSE))))", ,
20,15,,,"IF(ISBLANK(B20),"" "",IF('Summary Sheet'!$M$2=""Framed"",VLOOKUP(B20,'Framed Catalog List Price'!$B$5:$T$403,List!$C$75,FALSE),IF('Summary Sheet'!$M$2=""Frameless"",VLOOKUP(B20,'Frameless Catalog List Price'!$B$5:$Z$418,List!$D$75,FALSE))))","IF(ISBLANK(B20),"" "",IF('Summary Sheet'!$M$2=""Framed"",VLOOKUP(B20,'Framed Catalog List Price'!$B$5:$T$403,List!$C$76,FALSE),IF('Summary Sheet'!$M$2=""Frameless"",VLOOKUP(B20,'Frameless Catalog List Price'!$B$5:$Z$418,List!$D$76,FALSE))))","IF(ISBLANK(B20), "" "",E20*'Summary Sheet'!M$6)", ,"IF(ISBLANK(B20),"" "",IF('Summary Sheet'!$M$2=""Framed"",VLOOKUP(B20,'Framed Catalog List Price'!$B$5:$T$403,18,FALSE),IF('Summary Sheet'!$M$2=""Frameless"",VLOOKUP(B20,'Frameless Catalog List Price'!$B$5:$Z$418,24,FALSE))))", ,
21,16,,,"IF(ISBLANK(B21),"" "",IF('Summary Sheet'!$M$2=""Framed"",VLOOKUP(B21,'Framed Catalog List Price'!$B$5:$T$403,List!$C$75,FALSE),IF('Summary Sheet'!$M$2=""Frameless"",VLOOKUP(B21,'Frameless Catalog List Price'!$B$5:$Z$418,List!$D$75,FALSE))))","IF(ISBLANK(B21),"" "",IF('Summary Sheet'!$M$2=""Framed"",VLOOKUP(B21,'Framed Catalog List Price'!$B$5:$T$403,List!$C$76,FALSE),IF('Summary Sheet'!$M$2=""Frameless"",VLOOKUP(B21,'Frameless Catalog List Price'!$B$5:$Z$418,List!$D$76,FALSE))))","IF(ISBLANK(B21), "" "",E21*'Summary Sheet'!M$6)", ,"IF(ISBLANK(B21),"" "",IF('Summary Sheet'!$M$2=""Framed"",VLOOKUP(B21,'Framed Catalog List Price'!$B$5:$T$403,18,FALSE),IF('Summary Sheet'!$M$2=""Frameless"",VLOOKUP(B21,'Frameless Catalog List Price'!$B$5:$Z$418,24,FALSE))))", ,
22,17,,,"IF(ISBLANK(B22),"" "",IF('Summary Sheet'!$M$2=""Framed"",VLOOKUP(B22,'Framed Catalog List Price'!$B$5:$T$403,List!$C$75,FALSE),IF('Summary Sheet'!$M$2=""Frameless"",VLOOKUP(B22,'Frameless Catalog List Price'!$B$5:$Z$418,List!$D$75,FALSE))))","IF(ISBLANK(B22),"" "",IF('Summary Sheet'!$M$2=""Framed"",VLOOKUP(B22,'Framed Catalog List Price'!$B$5:$T$403,List!$C$76,FALSE),IF('Summary Sheet'!$M$2=""Frameless"",VLOOKUP(B22,'Frameless Catalog List Price'!$B$5:$Z$418,List!$D$76,FALSE))))","IF(ISBLANK(B22), "" "",E22*'Summary Sheet'!M$6)", ,"IF(ISBLANK(B22),"" "",IF('Summary Sheet'!$M$2=""Framed"",VLOOKUP(B22,'Framed Catalog List Price'!$B$5:$T$403,18,FALSE),IF('Summary Sheet'!$M$2=""Frameless"",VLOOKUP(B22,'Frameless Catalog List Price'!$B$5:$Z$418,24,FALSE))))", ,
23,18,,,"IF(ISBLANK(B23),"" "",IF('Summary Sheet'!$M$2=""Framed"",VLOOKUP(B23,'Framed Catalog List Price'!$B$5:$T$403,List!$C$75,FALSE),IF('Summary Sheet'!$M$2=""Frameless"",VLOOKUP(B23,'Frameless Catalog List Price'!$B$5:$Z$418,List!$D$75,FALSE))))","IF(ISBLANK(B23),"" "",IF('Summary Sheet'!$M$2=""Framed"",VLOOKUP(B23,'Framed Catalog List Price'!$B$5:$T$403,List!$C$76,FALSE),IF('Summary Sheet'!$M$2=""Frameless"",VLOOKUP(B23,'Frameless Catalog List Price'!$B$5:$Z$418,List!$D$76,FALSE))))","IF(ISBLANK(B23), "" "",E23*'Summary Sheet'!M$6)", ,"IF(ISBLANK(B23),"" "",IF('Summary Sheet'!$M$2=""Framed"",VLOOKUP(B23,'Framed Catalog List Price'!$B$5:$T$403,18,FALSE),IF('Summary Sheet'!$M$2=""Frameless"",VLOOKUP(B23,'Frameless Catalog List Price'!$B$5:$Z$418,24,FALSE))))", ,
24,19,,,"IF(ISBLANK(B24),"" "",IF('Summary Sheet'!$M$2=""Framed"",VLOOKUP(B24,'Framed Catalog List Price'!$B$5:$T$403,List!$C$75,FALSE),IF('Summary Sheet'!$M$2=""Frameless"",VLOOKUP(B24,'Frameless Catalog List Price'!$B$5:$Z$418,List!$D$75,FALSE))))","IF(ISBLANK(B24),"" "",IF('Summary Sheet'!$M$2=""Framed"",VLOOKUP(B24,'Framed Catalog List Price'!$B$5:$T$403,List!$C$76,FALSE),IF('Summary Sheet'!$M$2=""Frameless"",VLOOKUP(B24,'Frameless Catalog List Price'!$B$5:$Z$418,List!$D$76,FALSE))))","IF(ISBLANK(B24), "" "",E24*'Summary Sheet'!M$6)", ,"IF(ISBLANK(B24),"" "",IF('Summary Sheet'!$M$2=""Framed"",VLOOKUP(B24,'Framed Catalog List Price'!$B$5:$T$403,18,FALSE),IF('Summary Sheet'!$M$2=""Frameless"",VLOOKUP(B24,'Frameless Catalog List Price'!$B$5:$Z$418,24,FALSE))))", ,
25,20,,,"IF(ISBLANK(B25),"" "",IF('Summary Sheet'!$M$2=""Framed"",VLOOKUP(B25,'Framed Catalog List Price'!$B$5:$T$403,List!$C$75,FALSE),IF('Summary Sheet'!$M$2=""Frameless"",VLOOKUP(B25,'Frameless Catalog List Price'!$B$5:$Z$418,List!$D$75,FALSE))))","IF(ISBLANK(B25),"" "",IF('Summary Sheet'!$M$2=""Framed"",VLOOKUP(B25,'Framed Catalog List Price'!$B$5:$T$403,List!$C$76,FALSE),IF('Summary Sheet'!$M$2=""Frameless"",VLOOKUP(B25,'Frameless Catalog List Price'!$B$5:$Z$418,List!$D$76,FALSE))))","IF(ISBLANK(B25), "" "",E25*'Summary Sheet'!M$6)", ,"IF(ISBLANK(B25),"" "",IF('Summary Sheet'!$M$2=""Framed"",VLOOKUP(B25,'Framed Catalog List Price'!$B$5:$T$403,18,FALSE),IF('Summary Sheet'!$M$2=""Frameless"",VLOOKUP(B25,'Frameless Catalog List Price'!$B$5:$Z$418,24,FALSE))))", ,
26,21,,,"IF(ISBLANK(B26),"" "",IF('Summary Sheet'!$M$2=""Framed"",VLOOKUP(B26,'Framed Catalog List Price'!$B$5:$T$403,List!$C$75,FALSE),IF('Summary Sheet'!$M$2=""Frameless"",VLOOKUP(B26,'Frameless Catalog List Price'!$B$5:$Z$418,List!$D$75,FALSE))))","IF(ISBLANK(B26),"" "",IF('Summary Sheet'!$M$2=""Framed"",VLOOKUP(B26,'Framed Catalog List Price'!$B$5:$T$403,List!$C$76,FALSE),IF('Summary Sheet'!$M$2=""Frameless"",VLOOKUP(B26,'Frameless Catalog List Price'!$B$5:$Z$418,List!$D$76,FALSE))))","IF(ISBLANK(B26), "" "",E26*'Summary Sheet'!M$6)", ,"IF(ISBLANK(B26),"" "",IF('Summary Sheet'!$M$2=""Framed"",VLOOKUP(B26,'Framed Catalog List Price'!$B$5:$T$403,18,FALSE),IF('Summary Sheet'!$M$2=""Frameless"",VLOOKUP(B26,'Frameless Catalog List Price'!$B$5:$Z$418,24,FALSE))))", ,
27,22,,,"IF(ISBLANK(B27),"" "",IF('Summary Sheet'!$M$2=""Framed"",VLOOKUP(B27,'Framed Catalog List Price'!$B$5:$T$403,List!$C$75,FALSE),IF('Summary Sheet'!$M$2=""Frameless"",VLOOKUP(B27,'Frameless Catalog List Price'!$B$5:$Z$418,List!$D$75,FALSE))))","IF(ISBLANK(B27),"" "",IF('Summary Sheet'!$M$2=""Framed"",VLOOKUP(B27,'Framed Catalog List Price'!$B$5:$T$403,List!$C$76,FALSE),IF('Summary Sheet'!$M$2=""Frameless"",VLOOKUP(B27,'Frameless Catalog List Price'!$B$5:$Z$418,List!$D$76,FALSE))))","IF(ISBLANK(B27), "" "",E27*'Summary Sheet'!M$6)", ,"IF(ISBLANK(B27),"" "",IF('Summary Sheet'!$M$2=""Framed"",VLOOKUP(B27,'Framed Catalog List Price'!$B$5:$T$403,18,FALSE),IF('Summary Sheet'!$M$2=""Frameless"",VLOOKUP(B27,'Frameless Catalog List Price'!$B$5:$Z$418,24,FALSE))))", ,
28,23,,,"IF(ISBLANK(B28),"" "",IF('Summary Sheet'!$M$2=""Framed"",VLOOKUP(B28,'Framed Catalog List Price'!$B$5:$T$403,List!$C$75,FALSE),IF('Summary Sheet'!$M$2=""Frameless"",VLOOKUP(B28,'Frameless Catalog List Price'!$B$5:$Z$418,List!$D$75,FALSE))))","IF(ISBLANK(B28),"" "",IF('Summary Sheet'!$M$2=""Framed"",VLOOKUP(B28,'Framed Catalog List Price'!$B$5:$T$403,List!$C$76,FALSE),IF('Summary Sheet'!$M$2=""Frameless"",VLOOKUP(B28,'Frameless Catalog List Price'!$B$5:$Z$418,List!$D$76,FALSE))))","IF(ISBLANK(B28), "" "",E28*'Summary Sheet'!M$6)", ,"IF(ISBLANK(B28),"" "",IF('Summary Sheet'!$M$2=""Framed"",VLOOKUP(B28,'Framed Catalog List Price'!$B$5:$T$403,18,FALSE),IF('Summary Sheet'!$M$2=""Frameless"",VLOOKUP(B28,'Frameless Catalog List Price'!$B$5:$Z$418,24,FALSE))))", ,
29,24,,,"IF(ISBLANK(B29),"" "",IF('Summary Sheet'!$M$2=""Framed"",VLOOKUP(B29,'Framed Catalog List Price'!$B$5:$T$403,List!$C$75,FALSE),IF('Summary Sheet'!$M$2=""Frameless"",VLOOKUP(B29,'Frameless Catalog List Price'!$B$5:$Z$418,List!$D$75,FALSE))))","IF(ISBLANK(B29),"" "",IF('Summary Sheet'!$M$2=""Framed"",VLOOKUP(B29,'Framed Catalog List Price'!$B$5:$T$403,List!$C$76,FALSE),IF('Summary Sheet'!$M$2=""Frameless"",VLOOKUP(B29,'Frameless Catalog List Price'!$B$5:$Z$418,List!$D$76,FALSE))))","IF(ISBLANK(B29), "" "",E29*'Summary Sheet'!M$6)", ,"IF(ISBLANK(B29),"" "",IF('Summary Sheet'!$M$2=""Framed"",VLOOKUP(B29,'Framed Catalog List Price'!$B$5:$T$403,18,FALSE),IF('Summary Sheet'!$M$2=""Frameless"",VLOOKUP(B29,'Frameless Catalog List Price'!$B$5:$Z$418,24,FALSE))))", ,
30,25,,,"IF(ISBLANK(B30),"" "",IF('Summary Sheet'!$M$2=""Framed"",VLOOKUP(B30,'Framed Catalog List Price'!$B$5:$T$403,List!$C$75,FALSE),IF('Summary Sheet'!$M$2=""Frameless"",VLOOKUP(B30,'Frameless Catalog List Price'!$B$5:$Z$418,List!$D$75,FALSE))))","IF(ISBLANK(B30),"" "",IF('Summary Sheet'!$M$2=""Framed"",VLOOKUP(B30,'Framed Catalog List Price'!$B$5:$T$403,List!$C$76,FALSE),IF('Summary Sheet'!$M$2=""Frameless"",VLOOKUP(B30,'Frameless Catalog List Price'!$B$5:$Z$418,List!$D$76,FALSE))))","IF(ISBLANK(B30), "" "",E30*'Summary Sheet'!M$6)", ,"IF(ISBLANK(B30),"" "",IF('Summary Sheet'!$M$2=""Framed"",VLOOKUP(B30,'Framed Catalog List Price'!$B$5:$T$403,18,FALSE),IF('Summary Sheet'!$M$2=""Frameless"",VLOOKUP(B30,'Frameless Catalog List Price'!$B$5:$Z$418,24,FALSE))))", ,
31,26,,,"IF(ISBLANK(B31),"" "",IF('Summary Sheet'!$M$2=""Framed"",VLOOKUP(B31,'Framed Catalog List Price'!$B$5:$T$403,List!$C$75,FALSE),IF('Summary Sheet'!$M$2=""Frameless"",VLOOKUP(B31,'Frameless Catalog List Price'!$B$5:$Z$418,List!$D$75,FALSE))))","IF(ISBLANK(B31),"" "",IF('Summary Sheet'!$M$2=""Framed"",VLOOKUP(B31,'Framed Catalog List Price'!$B$5:$T$403,List!$C$76,FALSE),IF('Summary Sheet'!$M$2=""Frameless"",VLOOKUP(B31,'Frameless Catalog List Price'!$B$5:$Z$418,List!$D$76,FALSE))))","IF(ISBLANK(B31), "" "",E31*'Summary Sheet'!M$6)", ,"IF(ISBLANK(B31),"" "",IF('Summary Sheet'!$M$2=""Framed"",VLOOKUP(B31,'Framed Catalog List Price'!$B$5:$T$403,18,FALSE),IF('Summary Sheet'!$M$2=""Frameless"",VLOOKUP(B31,'Frameless Catalog List Price'!$B$5:$Z$418,24,FALSE))))", ,
32,27,,,"IF(ISBLANK(B32),"" "",IF('Summary Sheet'!$M$2=""Framed"",VLOOKUP(B32,'Framed Catalog List Price'!$B$5:$T$403,List!$C$75,FALSE),IF('Summary Sheet'!$M$2=""Frameless"",VLOOKUP(B32,'Frameless Catalog List Price'!$B$5:$Z$418,List!$D$75,FALSE))))","IF(ISBLANK(B32),"" "",IF('Summary Sheet'!$M$2=""Framed"",VLOOKUP(B32,'Framed Catalog List Price'!$B$5:$T$403,List!$C$76,FALSE),IF('Summary Sheet'!$M$2=""Frameless"",VLOOKUP(B32,'Frameless Catalog List Price'!$B$5:$Z$418,List!$D$76,FALSE))))","IF(ISBLANK(B32), "" "",E32*'Summary Sheet'!M$6)", ,"IF(ISBLANK(B32),"" "",IF('Summary Sheet'!$M$2=""Framed"",VLOOKUP(B32,'Framed Catalog List Price'!$B$5:$T$403,18,FALSE),IF('Summary Sheet'!$M$2=""Frameless"",VLOOKUP(B32,'Frameless Catalog List Price'!$B$5:$Z$418,24,FALSE))))", ,
33,28,,,"IF(ISBLANK(B33),"" "",IF('Summary Sheet'!$M$2=""Framed"",VLOOKUP(B33,'Framed Catalog List Price'!$B$5:$T$403,List!$C$75,FALSE),IF('Summary Sheet'!$M$2=""Frameless"",VLOOKUP(B33,'Frameless Catalog List Price'!$B$5:$Z$418,List!$D$75,FALSE))))","IF(ISBLANK(B33),"" "",IF('Summary Sheet'!$M$2=""Framed"",VLOOKUP(B33,'Framed Catalog List Price'!$B$5:$T$403,List!$C$76,FALSE),IF('Summary Sheet'!$M$2=""Frameless"",VLOOKUP(B33,'Frameless Catalog List Price'!$B$5:$Z$418,List!$D$76,FALSE))))","IF(ISBLANK(B33), "" "",E33*'Summary Sheet'!M$6)", ,"IF(ISBLANK(B33),"" "",IF('Summary Sheet'!$M$2=""Framed"",VLOOKUP(B33,'Framed Catalog List Price'!$B$5:$T$403,18,FALSE),IF('Summary Sheet'!$M$2=""Frameless"",VLOOKUP(B33,'Frameless Catalog List Price'!$B$5:$Z$418,24,FALSE))))", ,
34,29,,,"IF(ISBLANK(B34),"" "",IF('Summary Sheet'!$M$2=""Framed"",VLOOKUP(B34,'Framed Catalog List Price'!$B$5:$T$403,List!$C$75,FALSE),IF('Summary Sheet'!$M$2=""Frameless"",VLOOKUP(B34,'Frameless Catalog List Price'!$B$5:$Z$418,List!$D$75,FALSE))))","IF(ISBLANK(B34),"" "",IF('Summary Sheet'!$M$2=""Framed"",VLOOKUP(B34,'Framed Catalog List Price'!$B$5:$T$403,List!$C$76,FALSE),IF('Summary Sheet'!$M$2=""Frameless"",VLOOKUP(B34,'Frameless Catalog List Price'!$B$5:$Z$418,List!$D$76,FALSE))))","IF(ISBLANK(B34), "" "",E34*'Summary Sheet'!M$6)", ,"IF(ISBLANK(B34),"" "",IF('Summary Sheet'!$M$2=""Framed"",VLOOKUP(B34,'Framed Catalog List Price'!$B$5:$T$403,18,FALSE),IF('Summary Sheet'!$M$2=""Frameless"",VLOOKUP(B34,'Frameless Catalog List Price'!$B$5:$Z$418,24,FALSE))))", ,
35,30,,,"IF(ISBLANK(B35),"" "",IF('Summary Sheet'!$M$2=""Framed"",VLOOKUP(B35,'Framed Catalog List Price'!$B$5:$T$403,List!$C$75,FALSE),IF('Summary Sheet'!$M$2=""Frameless"",VLOOKUP(B35,'Frameless Catalog List Price'!$B$5:$Z$418,List!$D$75,FALSE))))","IF(ISBLANK(B35),"" "",IF('Summary Sheet'!$M$2=""Framed"",VLOOKUP(B35,'Framed Catalog List Price'!$B$5:$T$403,List!$C$76,FALSE),IF('Summary Sheet'!$M$2=""Frameless"",VLOOKUP(B35,'Frameless Catalog List Price'!$B$5:$Z$418,List!$D$76,FALSE))))","IF(ISBLANK(B35), "" "",E35*'Summary Sheet'!M$6)", ,"IF(ISBLANK(B35),"" "",IF('Summary Sheet'!$M$2=""Framed"",VLOOKUP(B35,'Framed Catalog List Price'!$B$5:$T$403,18,FALSE),IF('Summary Sheet'!$M$2=""Frameless"",VLOOKUP(B35,'Frameless Catalog List Price'!$B$5:$Z$418,24,FALSE))))", ,
36,31,,,"IF(ISBLANK(B36),"" "",IF('Summary Sheet'!$M$2=""Framed"",VLOOKUP(B36,'Framed Catalog List Price'!$B$5:$T$403,List!$C$75,FALSE),IF('Summary Sheet'!$M$2=""Frameless"",VLOOKUP(B36,'Frameless Catalog List Price'!$B$5:$Z$418,List!$D$75,FALSE))))","IF(ISBLANK(B36),"" "",IF('Summary Sheet'!$M$2=""Framed"",VLOOKUP(B36,'Framed Catalog List Price'!$B$5:$T$403,List!$C$76,FALSE),IF('Summary Sheet'!$M$2=""Frameless"",VLOOKUP(B36,'Frameless Catalog List Price'!$B$5:$Z$418,List!$D$76,FALSE))))","IF(ISBLANK(B36), "" "",E36*'Summary Sheet'!M$6)", ,"IF(ISBLANK(B36),"" "",IF('Summary Sheet'!$M$2=""Framed"",VLOOKUP(B36,'Framed Catalog List Price'!$B$5:$T$403,18,FALSE),IF('Summary Sheet'!$M$2=""Frameless"",VLOOKUP(B36,'Frameless Catalog List Price'!$B$5:$Z$418,24,FALSE))))", ,
37,32,,,"IF(ISBLANK(B37),"" "",IF('Summary Sheet'!$M$2=""Framed"",VLOOKUP(B37,'Framed Catalog List Price'!$B$5:$T$403,List!$C$75,FALSE),IF('Summary Sheet'!$M$2=""Frameless"",VLOOKUP(B37,'Frameless Catalog List Price'!$B$5:$Z$418,List!$D$75,FALSE))))","IF(ISBLANK(B37),"" "",IF('Summary Sheet'!$M$2=""Framed"",VLOOKUP(B37,'Framed Catalog List Price'!$B$5:$T$403,List!$C$76,FALSE),IF('Summary Sheet'!$M$2=""Frameless"",VLOOKUP(B37,'Frameless Catalog List Price'!$B$5:$Z$418,List!$D$76,FALSE))))","IF(ISBLANK(B37), "" "",E37*'Summary Sheet'!M$6)", ,"IF(ISBLANK(B37),"" "",IF('Summary Sheet'!$M$2=""Framed"",VLOOKUP(B37,'Framed Catalog List Price'!$B$5:$T$403,18,FALSE),IF('Summary Sheet'!$M$2=""Frameless"",VLOOKUP(B37,'Frameless Catalog List Price'!$B$5:$Z$418,24,FALSE))))", ,
38,33,,,"IF(ISBLANK(B38),"" "",IF('Summary Sheet'!$M$2=""Framed"",VLOOKUP(B38,'Framed Catalog List Price'!$B$5:$T$403,List!$C$75,FALSE),IF('Summary Sheet'!$M$2=""Frameless"",VLOOKUP(B38,'Frameless Catalog List Price'!$B$5:$Z$418,List!$D$75,FALSE))))","IF(ISBLANK(B38),"" "",IF('Summary Sheet'!$M$2=""Framed"",VLOOKUP(B38,'Framed Catalog List Price'!$B$5:$T$403,List!$C$76,FALSE),IF('Summary Sheet'!$M$2=""Frameless"",VLOOKUP(B38,'Frameless Catalog List Price'!$B$5:$Z$418,List!$D$76,FALSE))))","IF(ISBLANK(B38), "" "",E38*'Summary Sheet'!M$6)", ,"IF(ISBLANK(B38),"" "",IF('Summary Sheet'!$M$2=""Framed"",VLOOKUP(B38,'Framed Catalog List Price'!$B$5:$T$403,18,FALSE),IF('Summary Sheet'!$M$2=""Frameless"",VLOOKUP(B38,'Frameless Catalog List Price'!$B$5:$Z$418,24,FALSE))))", ,
39,34,,,"IF(ISBLANK(B39),"" "",IF('Summary Sheet'!$M$2=""Framed"",VLOOKUP(B39,'Framed Catalog List Price'!$B$5:$T$403,List!$C$75,FALSE),IF('Summary Sheet'!$M$2=""Frameless"",VLOOKUP(B39,'Frameless Catalog List Price'!$B$5:$Z$418,List!$D$75,FALSE))))","IF(ISBLANK(B39),"" "",IF('Summary Sheet'!$M$2=""Framed"",VLOOKUP(B39,'Framed Catalog List Price'!$B$5:$T$403,List!$C$76,FALSE),IF('Summary Sheet'!$M$2=""Frameless"",VLOOKUP(B39,'Frameless Catalog List Price'!$B$5:$Z$418,List!$D$76,FALSE))))","IF(ISBLANK(B39), "" "",E39*'Summary Sheet'!M$6)", ,"IF(ISBLANK(B39),"" "",IF('Summary Sheet'!$M$2=""Framed"",VLOOKUP(B39,'Framed Catalog List Price'!$B$5:$T$403,18,FALSE),IF('Summary Sheet'!$M$2=""Frameless"",VLOOKUP(B39,'Frameless Catalog List Price'!$B$5:$Z$418,24,FALSE))))", ,
40,35,,,"IF(ISBLANK(B40),"" "",IF('Summary Sheet'!$M$2=""Framed"",VLOOKUP(B40,'Framed Catalog List Price'!$B$5:$T$403,List!$C$75,FALSE),IF('Summary Sheet'!$M$2=""Frameless"",VLOOKUP(B40,'Frameless Catalog List Price'!$B$5:$Z$418,List!$D$75,FALSE))))","IF(ISBLANK(B40),"" "",IF('Summary Sheet'!$M$2=""Framed"",VLOOKUP(B40,'Framed Catalog List Price'!$B$5:$T$403,List!$C$76,FALSE),IF('Summary Sheet'!$M$2=""Frameless"",VLOOKUP(B40,'Frameless Catalog List Price'!$B$5:$Z$418,List!$D$76,FALSE))))","IF(ISBLANK(B40), "" "",E40*'Summary Sheet'!M$6)", ,"IF(ISBLANK(B40),"" "",IF('Summary Sheet'!$M$2=""Framed"",VLOOKUP(B40,'Framed Catalog List Price'!$B$5:$T$403,18,FALSE),IF('Summary Sheet'!$M$2=""Frameless"",VLOOKUP(B40,'Frameless Catalog List Price'!$B$5:$Z$418,24,FALSE))))", ,
41,36,,,"IF(ISBLANK(B41),"" "",IF('Summary Sheet'!$M$2=""Framed"",VLOOKUP(B41,'Framed Catalog List Price'!$B$5:$T$403,List!$C$75,FALSE),IF('Summary Sheet'!$M$2=""Frameless"",VLOOKUP(B41,'Frameless Catalog List Price'!$B$5:$Z$418,List!$D$75,FALSE))))","IF(ISBLANK(B41),"" "",IF('Summary Sheet'!$M$2=""Framed"",VLOOKUP(B41,'Framed Catalog List Price'!$B$5:$T$403,List!$C$76,FALSE),IF('Summary Sheet'!$M$2=""Frameless"",VLOOKUP(B41,'Frameless Catalog List Price'!$B$5:$Z$418,List!$D$76,FALSE))))","IF(ISBLANK(B41), "" "",E41*'Summary Sheet'!M$6)", ,"IF(ISBLANK(B41),"" "",IF('Summary Sheet'!$M$2=""Framed"",VLOOKUP(B41,'Framed Catalog List Price'!$B$5:$T$403,18,FALSE),IF('Summary Sheet'!$M$2=""Frameless"",VLOOKUP(B41,'Frameless Catalog List Price'!$B$5:$Z$418,24,FALSE))))", ,
42,37,,,"IF(ISBLANK(B42),"" "",IF('Summary Sheet'!$M$2=""Framed"",VLOOKUP(B42,'Framed Catalog List Price'!$B$5:$T$403,List!$C$75,FALSE),IF('Summary Sheet'!$M$2=""Frameless"",VLOOKUP(B42,'Frameless Catalog List Price'!$B$5:$Z$418,List!$D$75,FALSE))))","IF(ISBLANK(B42),"" "",IF('Summary Sheet'!$M$2=""Framed"",VLOOKUP(B42,'Framed Catalog List Price'!$B$5:$T$403,List!$C$76,FALSE),IF('Summary Sheet'!$M$2=""Frameless"",VLOOKUP(B42,'Frameless Catalog List Price'!$B$5:$Z$418,List!$D$76,FALSE))))","IF(ISBLANK(B42), "" "",E42*'Summary Sheet'!M$6)", ,"IF(ISBLANK(B42),"" "",IF('Summary Sheet'!$M$2=""Framed"",VLOOKUP(B42,'Framed Catalog List Price'!$B$5:$T$403,18,FALSE),IF('Summary Sheet'!$M$2=""Frameless"",VLOOKUP(B42,'Frameless Catalog List Price'!$B$5:$Z$418,24,FALSE))))", ,
43,38,,,"IF(ISBLANK(B43),"" "",IF('Summary Sheet'!$M$2=""Framed"",VLOOKUP(B43,'Framed Catalog List Price'!$B$5:$T$403,List!$C$75,FALSE),IF('Summary Sheet'!$M$2=""Frameless"",VLOOKUP(B43,'Frameless Catalog List Price'!$B$5:$Z$418,List!$D$75,FALSE))))","IF(ISBLANK(B43),"" "",IF('Summary Sheet'!$M$2=""Framed"",VLOOKUP(B43,'Framed Catalog List Price'!$B$5:$T$403,List!$C$76,FALSE),IF('Summary Sheet'!$M$2=""Frameless"",VLOOKUP(B43,'Frameless Catalog List Price'!$B$5:$Z$418,List!$D$76,FALSE))))","IF(ISBLANK(B43), "" "",E43*'Summary Sheet'!M$6)", ,"IF(ISBLANK(B43),"" "",IF('Summary Sheet'!$M$2=""Framed"",VLOOKUP(B43,'Framed Catalog List Price'!$B$5:$T$403,18,FALSE),IF('Summary Sheet'!$M$2=""Frameless"",VLOOKUP(B43,'Frameless Catalog List Price'!$B$5:$Z$418,24,FALSE))))", ,
44,39,,,"IF(ISBLANK(B44),"" "",IF('Summary Sheet'!$M$2=""Framed"",VLOOKUP(B44,'Framed Catalog List Price'!$B$5:$T$403,List!$C$75,FALSE),IF('Summary Sheet'!$M$2=""Frameless"",VLOOKUP(B44,'Frameless Catalog List Price'!$B$5:$Z$418,List!$D$75,FALSE))))","IF(ISBLANK(B44),"" "",IF('Summary Sheet'!$M$2=""Framed"",VLOOKUP(B44,'Framed Catalog List Price'!$B$5:$T$403,List!$C$76,FALSE),IF('Summary Sheet'!$M$2=""Frameless"",VLOOKUP(B44,'Frameless Catalog List Price'!$B$5:$Z$418,List!$D$76,FALSE))))","IF(ISBLANK(B44), "" "",E44*'Summary Sheet'!M$6)", ,"IF(ISBLANK(B44),"" "",IF('Summary Sheet'!$M$2=""Framed"",VLOOKUP(B44,'Framed Catalog List Price'!$B$5:$T$403,18,FALSE),IF('Summary Sheet'!$M$2=""Frameless"",VLOOKUP(B44,'Frameless Catalog List Price'!$B$5:$Z$418,24,FALSE))))", ,
45,40,,,"IF(ISBLANK(B45),"" "",IF('Summary Sheet'!$M$2=""Framed"",VLOOKUP(B45,'Framed Catalog List Price'!$B$5:$T$403,List!$C$75,FALSE),IF('Summary Sheet'!$M$2=""Frameless"",VLOOKUP(B45,'Frameless Catalog List Price'!$B$5:$Z$418,List!$D$75,FALSE))))","IF(ISBLANK(B45),"" "",IF('Summary Sheet'!$M$2=""Framed"",VLOOKUP(B45,'Framed Catalog List Price'!$B$5:$T$403,List!$C$76,FALSE),IF('Summary Sheet'!$M$2=""Frameless"",VLOOKUP(B45,'Frameless Catalog List Price'!$B$5:$Z$418,List!$D$76,FALSE))))","IF(ISBLANK(B45), "" "",E45*'Summary Sheet'!M$6)", ,"IF(ISBLANK(B45),"" "",IF('Summary Sheet'!$M$2=""Framed"",VLOOKUP(B45,'Framed Catalog List Price'!$B$5:$T$403,18,FALSE),IF('Summary Sheet'!$M$2=""Frameless"",VLOOKUP(B45,'Frameless Catalog List Price'!$B$5:$Z$418,24,FALSE))))", ,
46,41,,,"IF(ISBLANK(B46),"" "",IF('Summary Sheet'!$M$2=""Framed"",VLOOKUP(B46,'Framed Catalog List Price'!$B$5:$T$403,List!$C$75,FALSE),IF('Summary Sheet'!$M$2=""Frameless"",VLOOKUP(B46,'Frameless Catalog List Price'!$B$5:$Z$418,List!$D$75,FALSE))))","IF(ISBLANK(B46),"" "",IF('Summary Sheet'!$M$2=""Framed"",VLOOKUP(B46,'Framed Catalog List Price'!$B$5:$T$403,List!$C$76,FALSE),IF('Summary Sheet'!$M$2=""Frameless"",VLOOKUP(B46,'Frameless Catalog List Price'!$B$5:$Z$418,List!$D$76,FALSE))))","IF(ISBLANK(B46), "" "",E46*'Summary Sheet'!M$6)", ,"IF(ISBLANK(B46),"" "",IF('Summary Sheet'!$M$2=""Framed"",VLOOKUP(B46,'Framed Catalog List Price'!$B$5:$T$403,18,FALSE),IF('Summary Sheet'!$M$2=""Frameless"",VLOOKUP(B46,'Frameless Catalog List Price'!$B$5:$Z$418,24,FALSE))))", ,
47,42,,,"IF(ISBLANK(B47),"" "",IF('Summary Sheet'!$M$2=""Framed"",VLOOKUP(B47,'Framed Catalog List Price'!$B$5:$T$403,List!$C$75,FALSE),IF('Summary Sheet'!$M$2=""Frameless"",VLOOKUP(B47,'Frameless Catalog List Price'!$B$5:$Z$418,List!$D$75,FALSE))))","IF(ISBLANK(B47),"" "",IF('Summary Sheet'!$M$2=""Framed"",VLOOKUP(B47,'Framed Catalog List Price'!$B$5:$T$403,List!$C$76,FALSE),IF('Summary Sheet'!$M$2=""Frameless"",VLOOKUP(B47,'Frameless Catalog List Price'!$B$5:$Z$418,List!$D$76,FALSE))))","IF(ISBLANK(B47), "" "",E47*'Summary Sheet'!M$6)", ,"IF(ISBLANK(B47),"" "",IF('Summary Sheet'!$M$2=""Framed"",VLOOKUP(B47,'Framed Catalog List Price'!$B$5:$T$403,18,FALSE),IF('Summary Sheet'!$M$2=""Frameless"",VLOOKUP(B47,'Frameless Catalog List Price'!$B$5:$Z$418,24,FALSE))))", ,
48,43,,,"IF(ISBLANK(B48),"" "",IF('Summary Sheet'!$M$2=""Framed"",VLOOKUP(B48,'Framed Catalog List Price'!$B$5:$T$403,List!$C$75,FALSE),IF('Summary Sheet'!$M$2=""Frameless"",VLOOKUP(B48,'Frameless Catalog List Price'!$B$5:$Z$418,List!$D$75,FALSE))))","IF(ISBLANK(B48),"" "",IF('Summary Sheet'!$M$2=""Framed"",VLOOKUP(B48,'Framed Catalog List Price'!$B$5:$T$403,List!$C$76,FALSE),IF('Summary Sheet'!$M$2=""Frameless"",VLOOKUP(B48,'Frameless Catalog List Price'!$B$5:$Z$418,List!$D$76,FALSE))))","IF(ISBLANK(B48), "" "",E48*'Summary Sheet'!M$6)", ,"IF(ISBLANK(B48),"" "",IF('Summary Sheet'!$M$2=""Framed"",VLOOKUP(B48,'Framed Catalog List Price'!$B$5:$T$403,18,FALSE),IF('Summary Sheet'!$M$2=""Frameless"",VLOOKUP(B48,'Frameless Catalog List Price'!$B$5:$Z$418,24,FALSE))))", ,
49,44,,,"IF(ISBLANK(B49),"" "",IF('Summary Sheet'!$M$2=""Framed"",VLOOKUP(B49,'Framed Catalog List Price'!$B$5:$T$403,List!$C$75,FALSE),IF('Summary Sheet'!$M$2=""Frameless"",VLOOKUP(B49,'Frameless Catalog List Price'!$B$5:$Z$418,List!$D$75,FALSE))))","IF(ISBLANK(B49),"" "",IF('Summary Sheet'!$M$2=""Framed"",VLOOKUP(B49,'Framed Catalog List Price'!$B$5:$T$403,List!$C$76,FALSE),IF('Summary Sheet'!$M$2=""Frameless"",VLOOKUP(B49,'Frameless Catalog List Price'!$B$5:$Z$418,List!$D$76,FALSE))))","IF(ISBLANK(B49), "" "",E49*'Summary Sheet'!M$6)", ,"IF(ISBLANK(B49),"" "",IF('Summary Sheet'!$M$2=""Framed"",VLOOKUP(B49,'Framed Catalog List Price'!$B$5:$T$403,18,FALSE),IF('Summary Sheet'!$M$2=""Frameless"",VLOOKUP(B49,'Frameless Catalog List Price'!$B$5:$Z$418,24,FALSE))))", ,
50,45,,,"IF(ISBLANK(B50),"" "",IF('Summary Sheet'!$M$2=""Framed"",VLOOKUP(B50,'Framed Catalog List Price'!$B$5:$T$403,List!$C$75,FALSE),IF('Summary Sheet'!$M$2=""Frameless"",VLOOKUP(B50,'Frameless Catalog List Price'!$B$5:$Z$418,List!$D$75,FALSE))))","IF(ISBLANK(B50),"" "",IF('Summary Sheet'!$M$2=""Framed"",VLOOKUP(B50,'Framed Catalog List Price'!$B$5:$T$403,List!$C$76,FALSE),IF('Summary Sheet'!$M$2=""Frameless"",VLOOKUP(B50,'Frameless Catalog List Price'!$B$5:$Z$418,List!$D$76,FALSE))))","IF(ISBLANK(B50), "" "",E50*'Summary Sheet'!M$6)", ,"IF(ISBLANK(B50),"" "",IF('Summary Sheet'!$M$2=""Framed"",VLOOKUP(B50,'Framed Catalog List Price'!$B$5:$T$403,18,FALSE),IF('Summary Sheet'!$M$2=""Frameless"",VLOOKUP(B50,'Frameless Catalog List Price'!$B$5:$Z$418,24,FALSE))))", ,
51,1,,,"IF(ISBLANK(B51),"" "",IF('Summary Sheet'!$M$2=""Framed"",VLOOKUP(B51,'Framed Accessory List Price'!$B$6:$S$60,List!$C$75,FALSE),IF('Summary Sheet'!$M$2=""Frameless"",VLOOKUP(B51,'Frameless Accessory List Price'!$B$6:$Y$71,List!$D$75,FALSE))))","IF(ISBLANK(B51),"" "",IF('Summary Sheet'!$M$2=""Framed"",VLOOKUP(B51,'Framed Accessory List Price'!$B$6:$S$60,List!$C$76,FALSE),IF('Summary Sheet'!$M$2=""Frameless"",VLOOKUP(B51,'Frameless Accessory List Price'!$B$6:$Y$71,List!$D$76,FALSE))))","IF(ISBLANK(B51), "" "",E51*'Summary Sheet'!M$6)", ,,,
52,2,,,"IF(ISBLANK(B52),"" "",IF('Summary Sheet'!$M$2=""Framed"",VLOOKUP(B52,'Framed Accessory List Price'!$B$6:$S$60,List!$C$75,FALSE),IF('Summary Sheet'!$M$2=""Frameless"",VLOOKUP(B52,'Frameless Accessory List Price'!$B$6:$Y$71,List!$D$75,FALSE))))","IF(ISBLANK(B52),"" "",IF('Summary Sheet'!$M$2=""Framed"",VLOOKUP(B52,'Framed Accessory List Price'!$B$6:$S$60,List!$C$76,FALSE),IF('Summary Sheet'!$M$2=""Frameless"",VLOOKUP(B52,'Frameless Accessory List Price'!$B$6:$Y$71,List!$D$76,FALSE))))","IF(ISBLANK(B52), "" "",E52*'Summary Sheet'!M$6)", ,,,
53,3,,,"IF(ISBLANK(B53),"" "",IF('Summary Sheet'!$M$2=""Framed"",VLOOKUP(B53,'Framed Accessory List Price'!$B$6:$S$60,List!$C$75,FALSE),IF('Summary Sheet'!$M$2=""Frameless"",VLOOKUP(B53,'Frameless Accessory List Price'!$B$6:$Y$71,List!$D$75,FALSE))))","IF(ISBLANK(B53),"" "",IF('Summary Sheet'!$M$2=""Framed"",VLOOKUP(B53,'Framed Accessory List Price'!$B$6:$S$60,List!$C$76,FALSE),IF('Summary Sheet'!$M$2=""Frameless"",VLOOKUP(B53,'Frameless Accessory List Price'!$B$6:$Y$71,List!$D$76,FALSE))))","IF(ISBLANK(B53), "" "",E53*'Summary Sheet'!M$6)", ,,,
54,4,,,"IF(ISBLANK(B54),"" "",IF('Summary Sheet'!$M$2=""Framed"",VLOOKUP(B54,'Framed Accessory List Price'!$B$6:$S$60,List!$C$75,FALSE),IF('Summary Sheet'!$M$2=""Frameless"",VLOOKUP(B54,'Frameless Accessory List Price'!$B$6:$Y$71,List!$D$75,FALSE))))","IF(ISBLANK(B54),"" "",IF('Summary Sheet'!$M$2=""Framed"",VLOOKUP(B54,'Framed Accessory List Price'!$B$6:$S$60,List!$C$76,FALSE),IF('Summary Sheet'!$M$2=""Frameless"",VLOOKUP(B54,'Frameless Accessory List Price'!$B$6:$Y$71,List!$D$76,FALSE))))","IF(ISBLANK(B54), "" "",E54*'Summary Sheet'!M$6)", ,,,
55,5,,,"IF(ISBLANK(B55),"" "",IF('Summary Sheet'!$M$2=""Framed"",VLOOKUP(B55,'Framed Accessory List Price'!$B$6:$S$60,List!$C$75,FALSE),IF('Summary Sheet'!$M$2=""Frameless"",VLOOKUP(B55,'Frameless Accessory List Price'!$B$6:$Y$71,List!$D$75,FALSE))))","IF(ISBLANK(B55),"" "",IF('Summary Sheet'!$M$2=""Framed"",VLOOKUP(B55,'Framed Accessory List Price'!$B$6:$S$60,List!$C$76,FALSE),IF('Summary Sheet'!$M$2=""Frameless"",VLOOKUP(B55,'Frameless Accessory List Price'!$B$6:$Y$71,List!$D$76,FALSE))))","IF(ISBLANK(B55), "" "",E55*'Summary Sheet'!M$6)", ,,,
56,6,,,"IF(ISBLANK(B56),"" "",IF('Summary Sheet'!$M$2=""Framed"",VLOOKUP(B56,'Framed Accessory List Price'!$B$6:$S$60,List!$C$75,FALSE),IF('Summary Sheet'!$M$2=""Frameless"",VLOOKUP(B56,'Frameless Accessory List Price'!$B$6:$Y$71,List!$D$75,FALSE))))","IF(ISBLANK(B56),"" "",IF('Summary Sheet'!$M$2=""Framed"",VLOOKUP(B56,'Framed Accessory List Price'!$B$6:$S$60,List!$C$76,FALSE),IF('Summary Sheet'!$M$2=""Frameless"",VLOOKUP(B56,'Frameless Accessory List Price'!$B$6:$Y$71,List!$D$76,FALSE))))","IF(ISBLANK(B56), "" "",E56*'Summary Sheet'!M$6)", ,,,
57,7,,,"IF(ISBLANK(B57),"" "",IF('Summary Sheet'!$M$2=""Framed"",VLOOKUP(B57,'Framed Accessory List Price'!$B$6:$S$60,List!$C$75,FALSE),IF('Summary Sheet'!$M$2=""Frameless"",VLOOKUP(B57,'Frameless Accessory List Price'!$B$6:$Y$71,List!$D$75,FALSE))))","IF(ISBLANK(B57),"" "",IF('Summary Sheet'!$M$2=""Framed"",VLOOKUP(B57,'Framed Accessory List Price'!$B$6:$S$60,List!$C$76,FALSE),IF('Summary Sheet'!$M$2=""Frameless"",VLOOKUP(B57,'Frameless Accessory List Price'!$B$6:$Y$71,List!$D$76,FALSE))))","IF(ISBLANK(B57), "" "",E57*'Summary Sheet'!M$6)", ,,,
58,8,,,"IF(ISBLANK(B58),"" "",IF('Summary Sheet'!$M$2=""Framed"",VLOOKUP(B58,'Framed Accessory List Price'!$B$6:$S$60,List!$C$75,FALSE),IF('Summary Sheet'!$M$2=""Frameless"",VLOOKUP(B58,'Frameless Accessory List Price'!$B$6:$Y$71,List!$D$75,FALSE))))","IF(ISBLANK(B58),"" "",IF('Summary Sheet'!$M$2=""Framed"",VLOOKUP(B58,'Framed Accessory List Price'!$B$6:$S$60,List!$C$76,FALSE),IF('Summary Sheet'!$M$2=""Frameless"",VLOOKUP(B58,'Frameless Accessory List Price'!$B$6:$Y$71,List!$D$76,FALSE))))","IF(ISBLANK(B58), "" "",E58*'Summary Sheet'!M$6)", ,,,
59,9,,,"IF(ISBLANK(B59),"" "",IF('Summary Sheet'!$M$2=""Framed"",VLOOKUP(B59,'Framed Accessory List Price'!$B$6:$S$60,List!$C$75,FALSE),IF('Summary Sheet'!$M$2=""Frameless"",VLOOKUP(B59,'Frameless Accessory List Price'!$B$6:$Y$71,List!$D$75,FALSE))))","IF(ISBLANK(B59),"" "",IF('Summary Sheet'!$M$2=""Framed"",VLOOKUP(B59,'Framed Accessory List Price'!$B$6:$S$60,List!$C$76,FALSE),IF('Summary Sheet'!$M$2=""Frameless"",VLOOKUP(B59,'Frameless Accessory List Price'!$B$6:$Y$71,List!$D$76,FALSE))))","IF(ISBLANK(B59), "" "",E59*'Summary Sheet'!M$6)", ,,,
60,10,,,"IF(ISBLANK(B60),"" "",IF('Summary Sheet'!$M$2=""Framed"",VLOOKUP(B60,'Framed Accessory List Price'!$B$6:$S$60,List!$C$75,FALSE),IF('Summary Sheet'!$M$2=""Frameless"",VLOOKUP(B60,'Frameless Accessory List Price'!$B$6:$Y$71,List!$D$75,FALSE))))","IF(ISBLANK(B60),"" "",IF('Summary Sheet'!$M$2=""Framed"",VLOOKUP(B60,'Framed Accessory List Price'!$B$6:$S$60,List!$C$76,FALSE),IF('Summary Sheet'!$M$2=""Frameless"",VLOOKUP(B60,'Frameless Accessory List Price'!$B$6:$Y$71,List!$D$76,FALSE))))","IF(ISBLANK(B60), "" "",E60*'Summary Sheet'!M$6)", ,,,
61,11,,,"IF(ISBLANK(B61),"" "",IF('Summary Sheet'!$M$2=""Framed"",VLOOKUP(B61,'Framed Accessory List Price'!$B$6:$S$60,List!$C$75,FALSE),IF('Summary Sheet'!$M$2=""Frameless"",VLOOKUP(B61,'Frameless Accessory List Price'!$B$6:$Y$71,List!$D$75,FALSE))))","IF(ISBLANK(B61),"" "",IF('Summary Sheet'!$M$2=""Framed"",VLOOKUP(B61,'Framed Accessory List Price'!$B$6:$S$60,List!$C$76,FALSE),IF('Summary Sheet'!$M$2=""Frameless"",VLOOKUP(B61,'Frameless Accessory List Price'!$B$6:$Y$71,List!$D$76,FALSE))))","IF(ISBLANK(B61), "" "",E61*'Summary Sheet'!M$6)", ,,,
62,12,,,"IF(ISBLANK(B62),"" "",IF('Summary Sheet'!$M$2=""Framed"",VLOOKUP(B62,'Framed Accessory List Price'!$B$6:$S$60,List!$C$75,FALSE),IF('Summary Sheet'!$M$2=""Frameless"",VLOOKUP(B62,'Frameless Accessory List Price'!$B$6:$Y$71,List!$D$75,FALSE))))","IF(ISBLANK(B62),"" "",IF('Summary Sheet'!$M$2=""Framed"",VLOOKUP(B62,'Framed Accessory List Price'!$B$6:$S$60,List!$C$76,FALSE),IF('Summary Sheet'!$M$2=""Frameless"",VLOOKUP(B62,'Frameless Accessory List Price'!$B$6:$Y$71,List!$D$76,FALSE))))","IF(ISBLANK(B62), "" "",E62*'Summary Sheet'!M$6)", ,,,
63,13,,,"IF(ISBLANK(B63),"" "",IF('Summary Sheet'!$M$2=""Framed"",VLOOKUP(B63,'Framed Accessory List Price'!$B$6:$S$60,List!$C$75,FALSE),IF('Summary Sheet'!$M$2=""Frameless"",VLOOKUP(B63,'Frameless Accessory List Price'!$B$6:$Y$71,List!$D$75,FALSE))))","IF(ISBLANK(B63),"" "",IF('Summary Sheet'!$M$2=""Framed"",VLOOKUP(B63,'Framed Accessory List Price'!$B$6:$S$60,List!$C$76,FALSE),IF('Summary Sheet'!$M$2=""Frameless"",VLOOKUP(B63,'Frameless Accessory List Price'!$B$6:$Y$71,List!$D$76,FALSE))))","IF(ISBLANK(B63), "" "",E63*'Summary Sheet'!M$6)", ,,,
64,14,,,"IF(ISBLANK(B64),"" "",IF('Summary Sheet'!$M$2=""Framed"",VLOOKUP(B64,'Framed Accessory List Price'!$B$6:$S$60,List!$C$75,FALSE),IF('Summary Sheet'!$M$2=""Frameless"",VLOOKUP(B64,'Frameless Accessory List Price'!$B$6:$Y$71,List!$D$75,FALSE))))","IF(ISBLANK(B64),"" "",IF('Summary Sheet'!$M$2=""Framed"",VLOOKUP(B64,'Framed Accessory List Price'!$B$6:$S$60,List!$C$76,FALSE),IF('Summary Sheet'!$M$2=""Frameless"",VLOOKUP(B64,'Frameless Accessory List Price'!$B$6:$Y$71,List!$D$76,FALSE))))","IF(ISBLANK(B64), "" "",E64*'Summary Sheet'!M$6)", ,,,
65,15,,,"IF(ISBLANK(B65),"" "",IF('Summary Sheet'!$M$2=""Framed"",VLOOKUP(B65,'Framed Accessory List Price'!$B$6:$S$60,List!$C$75,FALSE),IF('Summary Sheet'!$M$2=""Frameless"",VLOOKUP(B65,'Frameless Accessory List Price'!$B$6:$Y$71,List!$D$75,FALSE))))","IF(ISBLANK(B65),"" "",IF('Summary Sheet'!$M$2=""Framed"",VLOOKUP(B65,'Framed Accessory List Price'!$B$6:$S$60,List!$C$76,FALSE),IF('Summary Sheet'!$M$2=""Frameless"",VLOOKUP(B65,'Frameless Accessory List Price'!$B$6:$Y$71,List!$D$76,FALSE))))","IF(ISBLANK(B65), "" "",E65*'Summary Sheet'!M$6)", ,,,
66,16,,,"IF(ISBLANK(B66),"" "",IF('Summary Sheet'!$M$2=""Framed"",VLOOKUP(B66,'Framed Accessory List Price'!$B$6:$S$60,List!$C$75,FALSE),IF('Summary Sheet'!$M$2=""Frameless"",VLOOKUP(B66,'Frameless Accessory List Price'!$B$6:$Y$71,List!$D$75,FALSE))))","IF(ISBLANK(B66),"" "",IF('Summary Sheet'!$M$2=""Framed"",VLOOKUP(B66,'Framed Accessory List Price'!$B$6:$S$60,List!$C$76,FALSE),IF('Summary Sheet'!$M$2=""Frameless"",VLOOKUP(B66,'Frameless Accessory List Price'!$B$6:$Y$71,List!$D$76,FALSE))))","IF(ISBLANK(B66), "" "",E66*'Summary Sheet'!M$6)", ,,,
67,17,,,"IF(ISBLANK(B67),"" "",IF('Summary Sheet'!$M$2=""Framed"",VLOOKUP(B67,'Framed Accessory List Price'!$B$6:$S$60,List!$C$75,FALSE),IF('Summary Sheet'!$M$2=""Frameless"",VLOOKUP(B67,'Frameless Accessory List Price'!$B$6:$Y$71,List!$D$75,FALSE))))","IF(ISBLANK(B67),"" "",IF('Summary Sheet'!$M$2=""Framed"",VLOOKUP(B67,'Framed Accessory List Price'!$B$6:$S$60,List!$C$76,FALSE),IF('Summary Sheet'!$M$2=""Frameless"",VLOOKUP(B67,'Frameless Accessory List Price'!$B$6:$Y$71,List!$D$76,FALSE))))","IF(ISBLANK(B67), "" "",E67*'Summary Sheet'!M$6)", ,,,
68,18,,,"IF(ISBLANK(B68),"" "",IF('Summary Sheet'!$M$2=""Framed"",VLOOKUP(B68,'Framed Accessory List Price'!$B$6:$S$60,List!$C$75,FALSE),IF('Summary Sheet'!$M$2=""Frameless"",VLOOKUP(B68,'Frameless Accessory List Price'!$B$6:$Y$71,List!$D$75,FALSE))))","IF(ISBLANK(B68),"" "",IF('Summary Sheet'!$M$2=""Framed"",VLOOKUP(B68,'Framed Accessory List Price'!$B$6:$S$60,List!$C$76,FALSE),IF('Summary Sheet'!$M$2=""Frameless"",VLOOKUP(B68,'Frameless Accessory List Price'!$B$6:$Y$71,List!$D$76,FALSE))))","IF(ISBLANK(B68), "" "",E68*'Summary Sheet'!M$6)", ,,,
69,19,,,"IF(ISBLANK(B69),"" "",IF('Summary Sheet'!$M$2=""Framed"",VLOOKUP(B69,'Framed Accessory List Price'!$B$6:$S$60,List!$C$75,FALSE),IF('Summary Sheet'!$M$2=""Frameless"",VLOOKUP(B69,'Frameless Accessory List Price'!$B$6:$Y$71,List!$D$75,FALSE))))","IF(ISBLANK(B69),"" "",IF('Summary Sheet'!$M$2=""Framed"",VLOOKUP(B69,'Framed Accessory List Price'!$B$6:$S$60,List!$C$76,FALSE),IF('Summary Sheet'!$M$2=""Frameless"",VLOOKUP(B69,'Frameless Accessory List Price'!$B$6:$Y$71,List!$D$76,FALSE))))","IF(ISBLANK(B69), "" "",E69*'Summary Sheet'!M$6)", ,,,
70,20,,,"IF(ISBLANK(B70),"" "",IF('Summary Sheet'!$M$2=""Framed"",VLOOKUP(B70,'Framed Accessory List Price'!$B$6:$S$60,List!$C$75,FALSE),IF('Summary Sheet'!$M$2=""Frameless"",VLOOKUP(B70,'Frameless Accessory List Price'!$B$6:$Y$71,List!$D$75,FALSE))))","IF(ISBLANK(B70),"" "",IF('Summary Sheet'!$M$2=""Framed"",VLOOKUP(B70,'Framed Accessory List Price'!$B$6:$S$60,List!$C$76,FALSE),IF('Summary Sheet'!$M$2=""Frameless"",VLOOKUP(B70,'Frameless Accessory List Price'!$B$6:$Y$71,List!$D$76,FALSE))))","IF(ISBLANK(B70), "" "",E70*'Summary Sheet'!M$6)", ,,,
71,Total cabinets per unit,,SUM(C6:C50),,,,SUM(G6:G50),,SUM(I6:I50),
72,Total accesories per unit,,SUM(C51:C70),,,,SUM(G51:G70),,,
74,Total Cabinets per unit type,,C71*'Summary Sheet'!C3,,,,,,I71*'Summary Sheet'!C3,
75, 1)General Specifications:,,,,,,,,,
76, A. Door Material: Melamine,, E. Drawer runner: SOLID WOOD DOVETAILED ,,,,,,,
77, B. Box Material: PLYWOOD in maple melamine finish,, E.1. undermount softclose,,,,,,,
78, C. Shelves:   plywood,, G. Door style:  Flat,,,,,,,
79, D. Hinge: DTC soft close,,,,,,,,,
