row,A,B,C,D,E,F,G,H,I,J,K,L,M,N,O,P,Q,R,S
2,,,ONYX BLACK,,WHITE SHAKER,,ESPRESSO SHAKER,,SIGNATURE BLUE,,Grey Shaker,,Uptown White,,Modern Slate,,Dark Green Slim Shaker,,
3,Description,Cabinet Name,List Price,Inventory Code,List Price,Inventory Code,List Price,Inventory Code,List Price,Inventory Code,List Price,Inventory Code,List Price,Inventory Code,List Price,Inventory Code,List Price,Inventory Code,
4,"Base Cabinets with Drawer, 24"" Depth",,,,,,,,,,,,,,,,,,
5,"9"" Base Cabinet: 1 Door & 1 Drawer",B09,476,"CONCATENATE(""ONB-"",B5)",433,"CONCATENATE(""WHS-"",B5)",476,"CONCATENATE(""ESS-"",B5)",476,"CONCATENATE(""SIB-"",B5)",433,"CONCATENATE(""GRS-"",B5)",476,"CONCATENATE(""UPB-"",B5)",476,"CONCATENATE(""MSL-"",B5)",476,"CONCATENATE(""DGS-"",B5)",2
6,"12"" Base Cabinet: 1 Door & 1 Drawer",B12,618,ONB-B12,562,WHS-B12,618,ESS-B12,618,SIB-B12,562,GRS-B12,618,UPB-B12,618,MSL-B12,618,DGS-B12,2
7,"15"" Base Cabinet: 1 Door & 1 Drawer",B15,677,ONB-B15,615,WHS-B15,677,ESS-B15,677,SIB-B15,615,GRS-B15,677,UPB-B15,677,MSL-B15,677,DGS-B15,2
8,"18"" Base Cabinet: 1 Door & 1 Drawer",B18,706,ONB-B18,642,WHS-B18,706,ESS-B18,706,SIB-B18,642,GRS-B18,706,UPB-B18,706,MSL-B18,706,DGS-B18,2
9,"18"" Base Trash Cabinet: 1 Door & 1 Drawer with two 27 qt. Trash Cans",BWBK18-2,1311,ONB-BWBK18-2,1192,WHS-BWBK18-2,1311,ESS-BWBK18-2,1311,SIB-BWBK18-2,1192,GRS-BWBK18-2,1311,UPB-BWBK18-2,1311,MSL-BWBK18-2,1311,DGS-BWBK18-2,2
10,"21"" Base Cabinet: 1 Door & 1 Drawer",B21,754,ONB-B21,685,WHS-B21,754,ESS-B21,754,SIB-B21,685,GRS-B21,754,UPB-B21,754,MSL-B21,754,DGS-B21,2
11,"24"" Base Cabinet: 2 Doors & 1 Drawer",B24,806,ONB-B24,733,WHS-B24,806,ESS-B24,806,SIB-B24,733,GRS-B24,806,UPB-B24,806,MSL-B24,806,DGS-B24,3
12,"27"" Base Cabinet: 2 Doors & 1 Drawer",B27,971,ONB-B27,883,WHS-B27,971,ESS-B27,971,SIB-B27,883,GRS-B27,971,UPB-B27,971,MSL-B27,971,DGS-B27,3
13,"30"" Base Cabinet: 2 Doors & 1 Drawer",B30,1007,ONB-B30,915,WHS-B30,1007,ESS-B30,1007,SIB-B30,915,GRS-B30,1007,UPB-B30,1007,MSL-B30,1007,DGS-B30,3
14,"33"" Base Cabinet: 2 Doors & 2 Drawers",B33,1054,ONB-B33,958,WHS-B33,1054,ESS-B33,1054,SIB-B33,958,GRS-B33,1054,UPB-B33,1054,MSL-B33,1054,DGS-B33,3
15,"36"" Base Cabinet: 2 Doors & 2 Drawers",B36,1095,ONB-B36,995,WHS-B36,1095,ESS-B36,1095,SIB-B36,995,GRS-B36,1095,UPB-B36,1095,MSL-B36,1095,DGS-B36,4
16,"42"" Base Cabinet: 2 Doors & 2 Drawers",B42,1330,ONB-B42,1209,WHS-B42,1330,ESS-B42,1330,SIB-B42,1209,GRS-B42,1330,UPB-B42,1330,MSL-B42,1330,DGS-B42,4
17,"Base Cabinets with Full Height Door, 24"" Depth",,,,,,,,,,,,,,,,,,
18,"9"" Base Cabinet: 1 Full-height Door",B09FHD,421,"CONCATENATE(""ONB-"",B18)",383,"CONCATENATE(""WHS-"",B18)",421,"CONCATENATE(""ESS-"",B18)",421,"CONCATENATE(""SIB-"",B18)",383,"CONCATENATE(""GRS-"",B18)",421,"CONCATENATE(""UPB-"",B18)",421,"CONCATENATE(""MSL-"",B18)",421,"CONCATENATE(""DGS-"",B18)",1
19,"24"" Base Cabinet: 2 Full-height Doors",B24FHD,751,ONB-B24FHD,683,WHS-B24FHD,751,ESS-B24FHD,751,SIB-B24FHD,683,GRS-B24FHD,751,UPB-B24FHD,751,MSL-B24FHD,751,DGS-B24FHD,2
20,"3 Drawer Base Cabinets, 24"" Depth",,,,,,,,,,,,,,,,,,
21,"12"" Base Cabinet: 3 Drawers, Drawers are 7"", 11"" and 11"" tall",3DB12,883,"CONCATENATE(""ONB-"",B21)",803,"CONCATENATE(""WHS-"",B21)",883,"CONCATENATE(""ESS-"",B21)",883,"CONCATENATE(""SIB-"",B21)",803,"CONCATENATE(""GRS-"",B21)",883,"CONCATENATE(""UPB-"",B21)",883,"CONCATENATE(""MSL-"",B21)",883,"CONCATENATE(""DGS-"",B21)",3
22,"15"" Base Cabinet: 3 Drawers, Drawers are 7"", 11"" and 11"" tall",3DB15,942,ONB-3DB15,856,WHS-3DB15,942,ESS-3DB15,942,SIB-3DB15,856,GRS-3DB15,942,UPB-3DB15,942,MSL-3DB15,942,DGS-3DB15,3
23,"18"" Base Cabinet: 3 Drawers, Drawers are 7"", 11"" and 11"" tall",3DB18,982,ONB-3DB18,893,WHS-3DB18,982,ESS-3DB18,982,SIB-3DB18,893,GRS-3DB18,982,UPB-3DB18,982,MSL-3DB18,982,DGS-3DB18,3
24,"21"" Base Cabinet: 3 Drawers, Drawers are 7"", 11"" and 11"" tall",3DB21,1024,ONB-3DB21,931,WHS-3DB21,1024,ESS-3DB21,1024,SIB-3DB21,931,GRS-3DB21,1024,UPB-3DB21,1024,MSL-3DB21,1024,DGS-3DB21,3
25,"24"" Base Cabinet: 3 Drawers, Drawers are 7"", 11"" and 11"" tall",3DB24,1071,ONB-3DB24,974,WHS-3DB24,1071,ESS-3DB24,1071,SIB-3DB24,974,GRS-3DB24,1071,UPB-3DB24,1071,MSL-3DB24,1071,DGS-3DB24,3
26,"30"" Base Cabinet: 3 Drawers, Drawers are 7"", 11"" and 11"" tall",3DB30,1172,ONB-3DB30,1065,WHS-3DB30,1172,ESS-3DB30,1172,SIB-3DB30,1065,GRS-3DB30,1172,UPB-3DB30,1172,MSL-3DB30,1172,DGS-3DB30,3
27,"36"" Base Cabinet: 3 Drawers, Drawers are 7"", 11"" and 11"" tall",3DB36,1312,ONB-3DB36,1193,WHS-3DB36,1312,ESS-3DB36,1312,SIB-3DB36,1193,GRS-3DB36,1312,UPB-3DB36,1312,MSL-3DB36,1312,DGS-3DB36,3
28,"2 Drawer Base Cabinets, 24"" Depth",,,,,,,,,,,,,,,,,,
29,"24"" Base Cabinet: 2 Drawers, Drawers are 14.5"" tall",2DB24,1071,"CONCATENATE(""ONB-"",B29)",974,"CONCATENATE(""WHS-"",B29)",1071,"CONCATENATE(""ESS-"",B29)",1071,"CONCATENATE(""SIB-"",B29)",974,"CONCATENATE(""GRS-"",B29)",1071,"CONCATENATE(""UPB-"",B29)",1071,"CONCATENATE(""MSL-"",B29)",1071,"CONCATENATE(""DGS-"",B29)",2
30,"30"" Base Cabinet: 2 Drawers, Drawers are 14.5"" tall",2DB30,1172,ONB-2DB30,1065,WHS-2DB30,1172,ESS-2DB30,1172,SIB-2DB30,1065,GRS-2DB30,1172,UPB-2DB30,1172,MSL-2DB30,1172,DGS-2DB30,2
31,"36"" Base Cabinet: 2 Drawers, Drawers are 14.5"" tall",2DB36,1312,ONB-2DB36,1193,WHS-2DB36,1312,ESS-2DB36,1312,SIB-2DB36,1193,GRS-2DB36,1312,UPB-2DB36,1312,MSL-2DB36,1312,DGS-2DB36,2
32,"Sink Base Cabinets, 24"" Depth",,,,,,,,,,,,,,,,,,
33,"30"" Base Cabinet: 2 Doors & 1 False Drawer",SB30,741,"CONCATENATE(""ONB-"",B33)",674,"CONCATENATE(""WHS-"",B33)",741,"CONCATENATE(""ESS-"",B33)",741,"CONCATENATE(""SIB-"",B33)",674,"CONCATENATE(""GRS-"",B33)",741,"CONCATENATE(""UPB-"",B33)",741,"CONCATENATE(""MSL-"",B33)",741,"CONCATENATE(""DGS-"",B33)",2
34,"33"" Base Cabinet: 2 Doors & 1 False Drawer",SB33,794,ONB-SB33,722,WHS-SB33,794,ESS-SB33,794,SIB-SB33,722,GRS-SB33,794,UPB-SB33,794,MSL-SB33,794,DGS-SB33,2
35,"36"" Base Cabinet: 2 Doors & 2 False Drawers",SB36,812,ONB-SB36,738,WHS-SB36,812,ESS-SB36,812,SIB-SB36,738,GRS-SB36,812,UPB-SB36,812,MSL-SB36,812,DGS-SB36,2
36,"42"" Base Cabinet: 2 Doors & 2 False Drawers",SB42,883,ONB-SB42,803,WHS-SB42,883,ESS-SB42,883,SIB-SB42,803,GRS-SB42,883,UPB-SB42,883,MSL-SB42,883,DGS-SB42,2
37,"Farm Sink Base Cabinet, 24"" Depth",,,,,,,,,,,,,,,,,,
38,"36"" Base Cabinet: 2 Doors & 33"" W x 10"" Opening for Sink",FSM36,880,"CONCATENATE(""ONB-"",B38)",800,"CONCATENATE(""WHS-"",B38)",880,"CONCATENATE(""ESS-"",B38)",880,"CONCATENATE(""SIB-"",B38)",800,"CONCATENATE(""GRS-"",B38)",880,"CONCATENATE(""UPB-"",B38)",880,"CONCATENATE(""MSL-"",B38)",880,"CONCATENATE(""DGS-"",B38)",2
39,"Corner Sink Base Cabinet, 24"" Depth",,,,,,,,,,,,,,,,,,
40,"42"" Base Cabinet: 1 24"" Door, fits in a 42"" x 42"" corner space",CSB42,982,"CONCATENATE(""ONB-"",B40)",893,"CONCATENATE(""WHS-"",B40)",982,"CONCATENATE(""ESS-"",B40)",982,"CONCATENATE(""SIB-"",B40)",893,"CONCATENATE(""GRS-"",B40)",982,"CONCATENATE(""UPB-"",B40)",982,"CONCATENATE(""MSL-"",B40)",982,"CONCATENATE(""DGS-"",B40)",2
41,"Corner Base Cabinets, 24"" Depth",,,,,,,,,,,,,,,,,,
42,"36"" Base Cabinet: 2 Doors, Turntable, fits in a 36"" x 36"" corner space",BLS36-SP,1165,"CONCATENATE(""ONB-"",B42)",1059,"CONCATENATE(""WHS-"",B42)",1165,"CONCATENATE(""ESS-"",B42)",1165,"CONCATENATE(""SIB-"",B42)",1059,"CONCATENATE(""GRS-"",B42)",1165,"CONCATENATE(""UPB-"",B42)",1165,"CONCATENATE(""MSL-"",B42)",1165,"CONCATENATE(""DGS-"",B42)",1
43,"42"" Base Cabinet: 1 Door & 1 Drawer, Reversible, requires at least 3"" pull",BBC42,1036,ONB-BBC42,942,WHS-BBC42,1036,ESS-BBC42,1036,SIB-BBC42,942,GRS-BBC42,1036,UPB-BBC42,1036,MSL-BBC42,1036,DGS-BBC42,2
44,"Spice Base Cabinets, 24"" Depth",,,,,,,,,,,,,,,,,,
45,"6"" Base Cabinet: 5 Drawers, No soft close, No drawer guides",BWRC6,517,"CONCATENATE(""ONB-"",B45)",470,"CONCATENATE(""WHS-"",B45)",517,"CONCATENATE(""ESS-"",B45)",517,"CONCATENATE(""SIB-"",B45)",470,"CONCATENATE(""GRS-"",B45)",517,"CONCATENATE(""UPB-"",B45)",517,"CONCATENATE(""MSL-"",B45)",517,"CONCATENATE(""DGS-"",B45)",0
46,"9"" Base Cabinet: 1 Door with pullout, Three 4"" wide levels",SP09,494,ONB-SP09,449,WHS-SP09,494,ESS-SP09,494,SIB-SP09,449,GRS-SP09,494,UPB-SP09,494,MSL-SP09,494,DGS-SP09,1
47,"Base End Cabinets, 24"" Depth",,,,,,,,,,,,,,,,,,
48,"24"" Base Cabinet: 2 Doors & 2 False Drawers",BEC24,1030,"CONCATENATE(""ONB-"",B48)",936,"CONCATENATE(""WHS-"",B48)",1030,"CONCATENATE(""ESS-"",B48)",1030,"CONCATENATE(""SIB-"",B48)",936,"CONCATENATE(""GRS-"",B48)",1030,"CONCATENATE(""UPB-"",B48)",1030,"CONCATENATE(""MSL-"",B48)",1030,"CONCATENATE(""DGS-"",B48)",2
49,"9"" Base Cabinet: 3 Shelves, Specify Left or Right",BES09L/R,648,ONB-BES09L/R,589,WHS-BES09L/R,648,ESS-BES09L/R,648,SIB-BES09L/R,589,GRS-BES09L/R,648,UPB-BES09L/R,648,MSL-BES09L/R,648,DGS-BES09L/R,0
50,"Pantry Cabinets, 24"" Depth",,,,,,,,,,,,,,,,,,
51,"18"" Pantry Cabinet: 2 Doors, 18"" W x 84"" H x 24"" D",PC188424,1472,"CONCATENATE(""ONB-"",B51)",1338,"CONCATENATE(""WHS-"",B51)",1472,"CONCATENATE(""ESS-"",B51)",1472,"CONCATENATE(""SIB-"",B51)",1338,"CONCATENATE(""GRS-"",B51)",1472,"CONCATENATE(""UPB-"",B51)",1472,"CONCATENATE(""MSL-"",B51)",1472,"CONCATENATE(""DGS-"",B51)",2
52,"18"" Pantry Cabinet: 2 Doors, 18"" W x 90"" H x 24"" D",PC189024,1577,ONB-PC189024,1434,WHS-PC189024,1577,ESS-PC189024,1577,SIB-PC189024,1434,GRS-PC189024,1577,UPB-PC189024,1577,MSL-PC189024,1577,DGS-PC189024,2
53,"18"" Pantry Cabinet: 2 Doors, 18"" W x 96"" H x 24"" D",PC189624,1625,ONB-PC189624,1477,WHS-PC189624,1625,ESS-PC189624,1625,SIB-PC189624,1477,GRS-PC189624,1625,UPB-PC189624,1625,MSL-PC189624,1625,DGS-PC189624,2
54,"24"" Pantry Cabinet: 4 Doors, 24"" W x 84"" H x 24"" D",PC248424,1707,ONB-PC248424,1552,WHS-PC248424,1707,ESS-PC248424,1707,SIB-PC248424,1552,GRS-PC248424,1707,UPB-PC248424,1707,MSL-PC248424,1707,DGS-PC248424,4
55,"24"" Pantry Cabinet: 4 Doors, 24"" W x 90"" H x 24"" D",PC249024,1806,ONB-PC249024,1642,WHS-PC249024,1806,ESS-PC249024,1806,SIB-PC249024,1642,GRS-PC249024,1806,UPB-PC249024,1806,MSL-PC249024,1806,DGS-PC249024,4
56,"24"" Pantry Cabinet: 4 Doors, 24"" W x 96"" H x 24"" D",PC249624,1871,ONB-PC249624,1701,WHS-PC249624,1871,ESS-PC249624,1871,SIB-PC249624,1701,GRS-PC249624,1871,UPB-PC249624,1871,MSL-PC249624,1871,DGS-PC249624,4
57,"30"" Pantry Cabinet: 4 Doors, 30"" W x 84"" H x 24"" D",PC308424,2119,ONB-PC308424,1926,WHS-PC308424,2119,ESS-PC308424,2119,SIB-PC308424,1926,GRS-PC308424,2119,UPB-PC308424,2119,MSL-PC308424,2119,DGS-PC308424,4
58,"30"" Pantry Cabinet: 4 Doors, 30"" W x 90"" H x 24"" D",PC309024,2284,ONB-PC309024,2076,WHS-PC309024,2284,ESS-PC309024,2284,SIB-PC309024,2076,GRS-PC309024,2284,UPB-PC309024,2284,MSL-PC309024,2284,DGS-PC309024,4
59,"30"" Pantry Cabinet: 4 Doors, 30"" W x 96"" H x 24"" D",PC309624,2472,ONB-PC309624,2247,WHS-PC309624,2472,ESS-PC309624,2472,SIB-PC309624,2247,GRS-PC309624,2472,UPB-PC309624,2472,MSL-PC309624,2472,DGS-PC309624,4
60,"Oven Cabinets, 24"" Depth",,,,,,,,,,,,,,,,,,
61,"18"" Oven Cabinet: 2 Doors & 3 Drawers, 33"" W x 84"" H x 24"" D",OC338424,2349,"CONCATENATE(""ONB-"",B61)",2135,"CONCATENATE(""WHS-"",B61)",2349,"CONCATENATE(""ESS-"",B61)",2349,"CONCATENATE(""SIB-"",B61)",2135,"CONCATENATE(""GRS-"",B61)",2349,"CONCATENATE(""UPB-"",B61)",2349,"CONCATENATE(""MSL-"",B61)",2349,"CONCATENATE(""DGS-"",B61)",5
62,"18"" Oven Cabinet: 2 Doors & 3 Drawers, 33"" W x 84"" H x 24"" D",OC339024,2395,ONB-OC339024,2177,WHS-OC339024,2395,ESS-OC339024,2395,SIB-OC339024,2177,GRS-OC339024,2395,UPB-OC339024,2395,MSL-OC339024,2395,DGS-OC339024,5
63,"18"" Oven Cabinet: 2 Doors & 3 Drawers, 33"" W x 84"" H x 24"" D",OC339624,2419,ONB-OC339624,2199,WHS-OC339624,2419,ESS-OC339624,2419,SIB-OC339624,2199,GRS-OC339624,2419,UPB-OC339624,2419,MSL-OC339624,2419,DGS-OC339624,5
64,"Wall Cabinets, 12"" Depth",,,,,,,,,,,,,,,,,,
65,"Wall Cabinet: 1 Door, 9"" W x 30"" H",W0930,376,"CONCATENATE(""ONB-"",B65)",342,"CONCATENATE(""WHS-"",B65)",376,"CONCATENATE(""ESS-"",B65)",376,"CONCATENATE(""SIB-"",B65)",342,"CONCATENATE(""GRS-"",B65)",376,"CONCATENATE(""UPB-"",B65)",376,"CONCATENATE(""MSL-"",B65)",376,"CONCATENATE(""DGS-"",B65)",1
66,"Wall Cabinet: 1 Door, 12"" W x 30"" H",W1230,394,ONB-W1230,358,WHS-W1230,394,ESS-W1230,394,SIB-W1230,358,GRS-W1230,394,UPB-W1230,394,MSL-W1230,394,DGS-W1230,1
67,"Wall Cabinet: 1 Door, 15"" W x 30"" H",W1530,424,ONB-W1530,385,WHS-W1530,424,ESS-W1530,424,SIB-W1530,385,GRS-W1530,424,UPB-W1530,424,MSL-W1530,424,DGS-W1530,1
68,"Wall Cabinet: 1 Glass Door, 15"" W x 30"" H",W1530GD,451,ONB-W1530GD,410,WHS-W1530GD,451,ESS-W1530GD,451,SIB-W1530GD,410,GRS-W1530GD,451,UPB-W1530GD,451,MSL-W1530GD,451,DGS-W1530GD,1
69,"Wall Cabinet: 1 Door, 18"" W x 30"" H",W1830,459,ONB-W1830,417,WHS-W1830,459,ESS-W1830,459,SIB-W1830,417,GRS-W1830,459,UPB-W1830,459,MSL-W1830,459,DGS-W1830,1
70,"Wall Cabinet: 1 Glass Door, 18"" W x 30"" H",W1830GD,491,ONB-W1830GD,446,WHS-W1830GD,491,ESS-W1830GD,491,SIB-W1830GD,446,GRS-W1830GD,491,UPB-W1830GD,491,MSL-W1830GD,491,DGS-W1830GD,1
71,"Wall Cabinet: 1 Door, 21"" W x 30"" H",W2130,494,ONB-W2130,449,WHS-W2130,494,ESS-W2130,494,SIB-W2130,449,GRS-W2130,494,UPB-W2130,494,MSL-W2130,494,DGS-W2130,1
72,"Wall Cabinet: 2 Doors, 24"" W x 30"" H",W2430,541,ONB-W2430,492,WHS-W2430,541,ESS-W2430,541,SIB-W2430,492,GRS-W2430,541,UPB-W2430,541,MSL-W2430,541,DGS-W2430,2
73,"Wall Cabinet: 2 Doors, 27"" W x 30"" H",W2730,589,ONB-W2730,535,WHS-W2730,589,ESS-W2730,589,SIB-W2730,535,GRS-W2730,589,UPB-W2730,589,MSL-W2730,589,DGS-W2730,2
74,"Wall Cabinet: 2 Doors, 30"" W x 30"" H",W3030,624,ONB-W3030,567,WHS-W3030,624,ESS-W3030,624,SIB-W3030,567,GRS-W3030,624,UPB-W3030,624,MSL-W3030,624,DGS-W3030,2
75,"Wall Cabinet: 2 Glass Doors, 30"" W x 30"" H",W3030GD,668,ONB-W3030GD,607,WHS-W3030GD,668,ESS-W3030GD,668,SIB-W3030GD,607,GRS-W3030GD,668,UPB-W3030GD,668,MSL-W3030GD,668,DGS-W3030GD,2
76,"Wall Cabinet: 2 Doors, 33"" W x 30"" H",W3330,666,ONB-W3330,605,WHS-W3330,666,ESS-W3330,666,SIB-W3330,605,GRS-W3330,666,UPB-W3330,666,MSL-W3330,666,DGS-W3330,2
77,"Wall Cabinet: 2 Doors, 36"" W x 30"" H",W3630,694,ONB-W3630,631,WHS-W3630,694,ESS-W3630,694,SIB-W3630,631,GRS-W3630,694,UPB-W3630,694,MSL-W3630,694,DGS-W3630,2
78,"Wall Cabinet: 2 Glass Doors, 36"" W x 30"" H",W3630GD,743,ONB-W3630GD,675,WHS-W3630GD,743,ESS-W3630GD,743,SIB-W3630GD,675,GRS-W3630GD,743,UPB-W3630GD,743,MSL-W3630GD,743,DGS-W3630GD,2
79,"Wall Cabinet: 2 Doors, 42"" W x 30"" H",W4230,736,ONB-W4230,669,WHS-W4230,736,ESS-W4230,736,SIB-W4230,669,GRS-W4230,736,UPB-W4230,736,MSL-W4230,736,DGS-W4230,2
80,"Wall Cabinet: 1 Door, 9"" W x 36"" H",W0936,388,ONB-W0936,353,WHS-W0936,388,ESS-W0936,388,SIB-W0936,353,GRS-W0936,388,UPB-W0936,388,MSL-W0936,388,DGS-W0936,1
81,"Wall Cabinet: 1 Door, 12"" W x 36"" H",W1236,424,ONB-W1236,385,WHS-W1236,424,ESS-W1236,424,SIB-W1236,385,GRS-W1236,424,UPB-W1236,424,MSL-W1236,424,DGS-W1236,1
82,"Wall Cabinet: 1 Door, 15"" W x 36"" H",W1536,465,ONB-W1536,423,WHS-W1536,465,ESS-W1536,465,SIB-W1536,423,GRS-W1536,465,UPB-W1536,465,MSL-W1536,465,DGS-W1536,1
83,"Wall Cabinet: 1 Glass Door, 15"" W x 36"" H",W1536GD,497,ONB-W1536GD,452,WHS-W1536GD,497,ESS-W1536GD,497,SIB-W1536GD,452,GRS-W1536GD,497,UPB-W1536GD,497,MSL-W1536GD,497,DGS-W1536GD,1
84,"Wall Cabinet: 1 Door, 18"" W x 36"" H",W1836,536,ONB-W1836,487,WHS-W1836,536,ESS-W1836,536,SIB-W1836,487,GRS-W1836,536,UPB-W1836,536,MSL-W1836,536,DGS-W1836,1
85,"Wall Cabinet: 1 Glass Door, 18"" W x 36"" H",W1836GD,573,ONB-W1836GD,521,WHS-W1836GD,573,ESS-W1836GD,573,SIB-W1836GD,521,GRS-W1836GD,573,UPB-W1836GD,573,MSL-W1836GD,573,DGS-W1836GD,1
86,"Wall Cabinet: 1 Door, 21"" W x 36"" H",W2136,565,ONB-W2136,514,WHS-W2136,565,ESS-W2136,565,SIB-W2136,514,GRS-W2136,565,UPB-W2136,565,MSL-W2136,565,DGS-W2136,1
87,"Wall Cabinet: 2 Doors, 24"" W x 36"" H",W2436,606,ONB-W2436,551,WHS-W2436,606,ESS-W2436,606,SIB-W2436,551,GRS-W2436,606,UPB-W2436,606,MSL-W2436,606,DGS-W2436,2
88,"Wall Cabinet: 2 Doors, 27"" W x 36"" H",W2736,648,ONB-W2736,589,WHS-W2736,648,ESS-W2736,648,SIB-W2736,589,GRS-W2736,648,UPB-W2736,648,MSL-W2736,648,DGS-W2736,2
89,"Wall Cabinet: 2 Doors, 30"" W x 36"" H",W3036,694,ONB-W3036,631,WHS-W3036,694,ESS-W3036,694,SIB-W3036,631,GRS-W3036,694,UPB-W3036,694,MSL-W3036,694,DGS-W3036,2
90,"Wall Cabinet: 2 Glass Doors, 30"" W x 36"" H",W3036GD,743,ONB-W3036GD,675,WHS-W3036GD,743,ESS-W3036GD,743,SIB-W3036GD,675,GRS-W3036GD,743,UPB-W3036GD,743,MSL-W3036GD,743,DGS-W3036GD,2
91,"Wall Cabinet: 2 Doors, 33"" W x 36"" H",W3336,741,ONB-W3336,674,WHS-W3336,741,ESS-W3336,741,SIB-W3336,674,GRS-W3336,741,UPB-W3336,741,MSL-W3336,741,DGS-W3336,2
92,"Wall Cabinet: 2 Doors, 36"" W x 36"" H",W3636,771,ONB-W3636,701,WHS-W3636,771,ESS-W3636,771,SIB-W3636,701,GRS-W3636,771,UPB-W3636,771,MSL-W3636,771,DGS-W3636,2
93,"Wall Cabinet: 2 Glass Doors, 36"" W x 36"" H",W3636GD,825,ONB-W3636GD,750,WHS-W3636GD,825,ESS-W3636GD,825,SIB-W3636GD,750,GRS-W3636GD,825,UPB-W3636GD,825,MSL-W3636GD,825,DGS-W3636GD,2
94,"Wall Cabinet: 2 Doors, 42"" W x 36"" H",W4236,818,ONB-W4236,744,WHS-W4236,818,ESS-W4236,818,SIB-W4236,744,GRS-W4236,818,UPB-W4236,818,MSL-W4236,818,DGS-W4236,2
95,"Wall Cabinet: 1 Door, 9"" W x 42"" H",W0942,465,ONB-W0942,423,WHS-W0942,465,ESS-W0942,465,SIB-W0942,423,GRS-W0942,465,UPB-W0942,465,MSL-W0942,465,DGS-W0942,1
96,"Wall Cabinet: 1 Door, 12"" W x 42"" H",W1242,459,ONB-W1242,417,WHS-W1242,459,ESS-W1242,459,SIB-W1242,417,GRS-W1242,459,UPB-W1242,459,MSL-W1242,459,DGS-W1242,1
97,"Wall Cabinet: 1 Door, 15"" W x 42"" H",W1542,518,ONB-W1542,471,WHS-W1542,518,ESS-W1542,518,SIB-W1542,471,GRS-W1542,518,UPB-W1542,518,MSL-W1542,518,DGS-W1542,1
98,"Wall Cabinet: 1 Glass Door, 15"" W x 42"" H",W1542GD,554,ONB-W1542GD,504,WHS-W1542GD,554,ESS-W1542GD,554,SIB-W1542GD,504,GRS-W1542GD,554,UPB-W1542GD,554,MSL-W1542GD,554,DGS-W1542GD,1
99,"Wall Cabinet: 1 Door, 15"" W x 15"" H",W1515,396,ONB-W1515,360,WHS-W1515,396,ESS-W1515,396,SIB-W1515,360,GRS-W1515,396,UPB-W1515,396,MSL-W1515,396,DGS-W1515,1
100,"Wall Cabinet: 1 Glass Door, 15"" W x 15"" H",W1515GD,484,ONB-W1515GD,440,WHS-W1515GD,484,ESS-W1515GD,484,SIB-W1515GD,440,GRS-W1515GD,484,UPB-W1515GD,484,MSL-W1515GD,484,DGS-W1515GD,1
101,"Wall Cabinet: 1 Door, 18"" W x 15"" H",W1815,396,ONB-W1815,360,WHS-W1815,396,ESS-W1815,396,SIB-W1815,360,GRS-W1815,396,UPB-W1815,396,MSL-W1815,396,DGS-W1815,1
102,"Wall Cabinet: 1 Glass Door, 18"" W x 15"" H",W1815GD,484,ONB-W1815GD,440,WHS-W1815GD,484,ESS-W1815GD,484,SIB-W1815GD,440,GRS-W1815GD,484,UPB-W1815GD,484,MSL-W1815GD,484,DGS-W1815GD,1
103,"Wall Cabinet: 1 Door, 18"" W x 42"" H",W1842,565,ONB-W1842,514,WHS-W1842,565,ESS-W1842,565,SIB-W1842,514,GRS-W1842,565,UPB-W1842,565,MSL-W1842,565,DGS-W1842,1
104,"Wall Cabinet: 1 Glass Door, 18"" W x 42"" H",W1842GD,605,ONB-W1842GD,550,WHS-W1842GD,605,ESS-W1842GD,605,SIB-W1842GD,550,GRS-W1842GD,605,UPB-W1842GD,605,MSL-W1842GD,605,DGS-W1842GD,1
105,"Wall Cabinet: 1 Door, 21"" W x 15"" H",W2115,449,ONB-W2115,408,WHS-W2115,449,ESS-W2115,449,SIB-W2115,408,GRS-W2115,449,UPB-W2115,449,MSL-W2115,449,DGS-W2115,1
106,"Wall Cabinet: 1 Glass Door, 21"" W x 15"" H",W2115GD,537,ONB-W2115GD,488,WHS-W2115GD,537,ESS-W2115GD,537,SIB-W2115GD,488,GRS-W2115GD,537,UPB-W2115GD,537,MSL-W2115GD,537,DGS-W2115GD,1
107,"Wall Cabinet: 1 Door, 21"" W x 42"" H",W2142,641,ONB-W2142,583,WHS-W2142,641,ESS-W2142,641,SIB-W2142,583,GRS-W2142,641,UPB-W2142,641,MSL-W2142,641,DGS-W2142,1
108,"Wall Cabinet: 2 Doors, 24"" W x 15"" H",W2415,479,ONB-W2415,435,WHS-W2415,479,ESS-W2415,479,SIB-W2415,435,GRS-W2415,479,UPB-W2415,479,MSL-W2415,479,DGS-W2415,2
109,"Wall Cabinet: 2 Glass Doors, 24"" W x 15"" H",W2415GD,567,ONB-W2415GD,515,WHS-W2415GD,567,ESS-W2415GD,567,SIB-W2415GD,515,GRS-W2415GD,567,UPB-W2415GD,567,MSL-W2415GD,567,DGS-W2415GD,2
110,"Wall Cabinet: 2 Doors, 24"" W x 42"" H",W2442,683,ONB-W2442,621,WHS-W2442,683,ESS-W2442,683,SIB-W2442,621,GRS-W2442,683,UPB-W2442,683,MSL-W2442,683,DGS-W2442,2
111,"Wall Cabinet: 2 Doors, 27"" W x 15"" H",W2715,567,ONB-W2715,E108+80,WHS-W2715,567,ESS-W2715,567,SIB-W2715,K108+80,GRS-W2715,567,UPB-W2715,567,MSL-W2715,567,DGS-W2715,2
112,"Wall Cabinet: 2 Glass Doors, 27"" W x 15"" H",W2715GD,677,ONB-W2715GD,E111+100,WHS-W2715GD,677,ESS-W2715GD,677,SIB-W2715GD,K111+100,GRS-W2715GD,677,UPB-W2715GD,677,MSL-W2715GD,677,DGS-W2715GD,2
113,"Wall Cabinet: 2 Doors, 27"" W x 42"" H",W2742,741,ONB-W2742,674,WHS-W2742,741,ESS-W2742,741,SIB-W2742,674,GRS-W2742,741,UPB-W2742,741,MSL-W2742,741,DGS-W2742,2
114,"Wall Cabinet: 2 Doors, 30"" W x 42"" H",W3042,783,ONB-W3042,712,WHS-W3042,783,ESS-W3042,783,SIB-W3042,712,GRS-W3042,783,UPB-W3042,783,MSL-W3042,783,DGS-W3042,2
115,"Wall Cabinet: 2 Glass Doors, 30"" W x 42"" H",W3042GD,837,ONB-W3042GD,761,WHS-W3042GD,837,ESS-W3042GD,837,SIB-W3042GD,761,GRS-W3042GD,837,UPB-W3042GD,837,MSL-W3042GD,837,DGS-W3042GD,2
116,"Wall Cabinet: 2 Doors, 33"" W x 42"" H",W3342,847,ONB-W3342,770,WHS-W3342,847,ESS-W3342,847,SIB-W3342,770,GRS-W3342,847,UPB-W3342,847,MSL-W3342,847,DGS-W3342,2
117,"Wall Cabinet: 2 Doors, 36"" W x 42"" H",W3642,889,ONB-W3642,808,WHS-W3642,889,ESS-W3642,889,SIB-W3642,808,GRS-W3642,889,UPB-W3642,889,MSL-W3642,889,DGS-W3642,2
118,"Wall Cabinet: 2 Glass Doors, 36"" W x 42"" H",W3642GD,950,ONB-W3642GD,864,WHS-W3642GD,950,ESS-W3642GD,950,SIB-W3642GD,864,GRS-W3642GD,950,UPB-W3642GD,950,MSL-W3642GD,950,DGS-W3642GD,2
119,"Wall Cabinet: 2 Doors, 42"" W x 42"" H",W4242,994,ONB-W4242,904,WHS-W4242,994,ESS-W4242,994,SIB-W4242,904,GRS-W4242,994,UPB-W4242,994,MSL-W4242,994,DGS-W4242,2
120,"Wall Cabinet: 2 Doors, 30"" W x 12"" H",W3012,383,ONB-W3012,348,WHS-W3012,383,ESS-W3012,383,SIB-W3012,348,GRS-W3012,383,UPB-W3012,383,MSL-W3012,383,DGS-W3012,2
121,"Wall Cabinet: 2 Doors, 30"" W x 15"" H",W3015,413,ONB-W3015,375,WHS-W3015,413,ESS-W3015,413,SIB-W3015,375,GRS-W3015,413,UPB-W3015,413,MSL-W3015,413,DGS-W3015,2
122,"Wall Cabinet: 2 Glass Doors, 30"" W x 15"" H",W3015GD,523,ONB-W3015GD,475,WHS-W3015GD,523,ESS-W3015GD,523,SIB-W3015GD,475,GRS-W3015GD,523,UPB-W3015GD,523,MSL-W3015GD,523,DGS-W3015GD,2
123,"Wall Cabinet: 2 Doors, 30"" W x 18"" H",W3018,453,ONB-W3018,412,WHS-W3018,453,ESS-W3018,453,SIB-W3018,412,GRS-W3018,453,UPB-W3018,453,MSL-W3018,453,DGS-W3018,2
124,"Wall Cabinet: 2 Doors, 30"" W x 21"" H",W3021,488,ONB-W3021,444,WHS-W3021,488,ESS-W3021,488,SIB-W3021,444,GRS-W3021,488,UPB-W3021,488,MSL-W3021,488,DGS-W3021,2
125,"Wall Cabinet: 2 Doors, 30"" W x 24"" H",W3024,536,ONB-W3024,487,WHS-W3024,536,ESS-W3024,536,SIB-W3024,487,GRS-W3024,536,UPB-W3024,536,MSL-W3024,536,DGS-W3024,2
126,"Wall Cabinet: 2 Doors, 33"" W x 12"" H",W3312,397,ONB-W3312,361,WHS-W3312,397,ESS-W3312,397,SIB-W3312,361,GRS-W3312,397,UPB-W3312,397,MSL-W3312,397,DGS-W3312,2
127,"Wall Cabinet: 2 Doors, 33"" W x 15"" H",W3315,427,ONB-W3315,388,WHS-W3315,427,ESS-W3315,427,SIB-W3315,388,GRS-W3315,427,UPB-W3315,427,MSL-W3315,427,DGS-W3315,2
128,"Wall Cabinet: 2 Glass Doors, 33"" W x 15"" H",W3315GD,537,ONB-W3315GD,488,WHS-W3315GD,537,ESS-W3315GD,537,SIB-W3315GD,488,GRS-W3315GD,537,UPB-W3315GD,537,MSL-W3315GD,537,DGS-W3315GD,2
129,"Wall Cabinet: 2 Doors, 33"" W x 18"" H",W3318,501,ONB-W3318,455,WHS-W3318,501,ESS-W3318,501,SIB-W3318,455,GRS-W3318,501,UPB-W3318,501,MSL-W3318,501,DGS-W3318,2
130,"Wall Cabinet: 2 Doors, 33"" W x 21"" H",W3321,559,ONB-W3321,508,WHS-W3321,559,ESS-W3321,559,SIB-W3321,508,GRS-W3321,559,UPB-W3321,559,MSL-W3321,559,DGS-W3321,2
131,"Wall Cabinet: 2 Doors, 33"" W x 24"" H",W3324,627,ONB-W3324,570,WHS-W3324,627,ESS-W3324,627,SIB-W3324,570,GRS-W3324,627,UPB-W3324,627,MSL-W3324,627,DGS-W3324,2
132,"Wall Cabinet: 2 Doors, 36"" W x 12"" H",W3612,413,ONB-W3612,375,WHS-W3612,413,ESS-W3612,413,SIB-W3612,375,GRS-W3612,413,UPB-W3612,413,MSL-W3612,413,DGS-W3612,2
133,"Wall Cabinet: 2 Doors, 36"" W x 15"" H",W3615,441,ONB-W3615,401,WHS-W3615,441,ESS-W3615,441,SIB-W3615,401,GRS-W3615,441,UPB-W3615,441,MSL-W3615,441,DGS-W3615,2
134,"Wall Cabinet: 2 Glass Doors, 36"" W x 15"" H",W3615GD,551,ONB-W3615GD,501,WHS-W3615GD,551,ESS-W3615GD,551,SIB-W3615GD,501,GRS-W3615GD,551,UPB-W3615GD,551,MSL-W3615GD,551,DGS-W3615GD,2
135,"Wall Cabinet: 2 Doors, 36"" W x 18"" H",W3618,548,ONB-W3618,498,WHS-W3618,548,ESS-W3618,548,SIB-W3618,498,GRS-W3618,548,UPB-W3618,548,MSL-W3618,548,DGS-W3618,2
136,"Wall Cabinet: 2 Doors, 36"" W x 21"" H",W3621,629,ONB-W3621,572,WHS-W3621,629,ESS-W3621,629,SIB-W3621,572,GRS-W3621,629,UPB-W3621,629,MSL-W3621,629,DGS-W3621,2
137,"Wall Cabinet: 2 Doors, 36"" W x 24"" H",W3624,718,ONB-W3624,653,WHS-W3624,718,ESS-W3624,718,SIB-W3624,653,GRS-W3624,718,UPB-W3624,718,MSL-W3624,718,DGS-W3624,2
138,"Wall Fridge Cabinets, 24"" Depth",,,,,,,,,,,,,,,,,,
139,"Wall Cabinet: 2 Doors, 36"" W x 12"" H x 24"" D",W361224,559,"CONCATENATE(""ONB-"",B139)",508,"CONCATENATE(""WHS-"",B139)",559,"CONCATENATE(""ESS-"",B139)",559,"CONCATENATE(""SIB-"",B139)",508,"CONCATENATE(""GRS-"",B139)",559,"CONCATENATE(""UPB-"",B139)",559,"CONCATENATE(""MSL-"",B139)",559,"CONCATENATE(""DGS-"",B139)",2
140,"Wall Cabinet: 2 Doors, 36"" W x 15"" H x 24"" D",W361524,620,ONB-W361524,564,WHS-W361524,620,ESS-W361524,620,SIB-W361524,564,GRS-W361524,620,UPB-W361524,620,MSL-W361524,620,DGS-W361524,2
141,"Wall Cabinet: 2 Doors, 36"" W x 18"" H x 24"" D",W361824,683,ONB-W361824,621,WHS-W361824,683,ESS-W361824,683,SIB-W361824,621,GRS-W361824,683,UPB-W361824,683,MSL-W361824,683,DGS-W361824,2
142,"Wall Cabinet: 2 Doors, 36"" W x 21"" H x 24"" D",W362124,718,ONB-W362124,653,WHS-W362124,718,ESS-W362124,718,SIB-W362124,653,GRS-W362124,718,UPB-W362124,718,MSL-W362124,718,DGS-W362124,2
143,"Wall Cabinet: 2 Doors, 36"" W x 24"" H x 24"" D",W362424,754,ONB-W362424,685,WHS-W362424,754,ESS-W362424,754,SIB-W362424,685,GRS-W362424,754,UPB-W362424,754,MSL-W362424,754,DGS-W362424,2
144,"Wall Blind Corner Cabinets, 12"" Depth",,,,,,,,,,,,,,,,,,
145,"Wall Cabinet: 1 Door, 30"" W x 30"" H, Reversible",WBC3030,671,"CONCATENATE(""ONB-"",B145)",610,"CONCATENATE(""WHS-"",B145)",671,"CONCATENATE(""ESS-"",B145)",671,"CONCATENATE(""SIB-"",B145)",610,"CONCATENATE(""GRS-"",B145)",671,"CONCATENATE(""UPB-"",B145)",671,"CONCATENATE(""MSL-"",B145)",671,"CONCATENATE(""DGS-"",B145)",1
146,"Wall Cabinet: 1 Door, 30"" W x 36"" H, Reversible",WBC3036,729,ONB-WBC3036,663,WHS-WBC3036,729,ESS-WBC3036,729,SIB-WBC3036,663,GRS-WBC3036,729,UPB-WBC3036,729,MSL-WBC3036,729,DGS-WBC3036,1
147,"Wall Cabinet: 1 Door, 30"" W x 42"" H, Reversible",WBC3042,801,ONB-WBC3042,728,WHS-WBC3042,801,ESS-WBC3042,801,SIB-WBC3042,728,GRS-WBC3042,801,UPB-WBC3042,801,MSL-WBC3042,801,DGS-WBC3042,1
148,Wall Diagonal Corner Cabinets,,,,,,,,,,,,,,,,,,
149,"Wall Cabinet: 1 15"" W Door, 24"" W x 15"" H x 12"" D",WDC2415,576,"CONCATENATE(""ONB-"",B149)",524,"CONCATENATE(""WHS-"",B149)",576,"CONCATENATE(""ESS-"",B149)",576,"CONCATENATE(""SIB-"",B149)",524,"CONCATENATE(""GRS-"",B149)",576,"CONCATENATE(""UPB-"",B149)",576,"CONCATENATE(""MSL-"",B149)",576,"CONCATENATE(""DGS-"",B149)",1
150,"Wall Cabinet: 1 15"" W Glass Door, 24"" W x 15"" H x 12"" D",WDC2415GD,634,ONB-WDC2415GD,E149*1.1,WHS-WDC2415GD,634,ESS-WDC2415GD,634,SIB-WDC2415GD,K149*1.1,GRS-WDC2415GD,634,UPB-WDC2415GD,634,MSL-WDC2415GD,634,DGS-WDC2415GD,1
151,"Wall Cabinet: 1 15"" W Door, 24"" W x 30"" H x 12"" D",WDC2430,659,ONB-WDC2430,599,WHS-WDC2430,659,ESS-WDC2430,659,SIB-WDC2430,599,GRS-WDC2430,659,UPB-WDC2430,659,MSL-WDC2430,659,DGS-WDC2430,1
152,"Wall Cabinet: 1 15"" W Glass Door, 24"" W x 30"" H x 12"" D",WDC2430GD,704,ONB-WDC2430GD,640,WHS-WDC2430GD,704,ESS-WDC2430GD,704,SIB-WDC2430GD,640,GRS-WDC2430GD,704,UPB-WDC2430GD,704,MSL-WDC2430GD,704,DGS-WDC2430GD,1
153,"Wall Cabinet: 1 15"" W Door, 24"" W x 36"" H x 12"" D",WDC2436,712,ONB-WDC2436,647,WHS-WDC2436,712,ESS-WDC2436,712,SIB-WDC2436,647,GRS-WDC2436,712,UPB-WDC2436,712,MSL-WDC2436,712,DGS-WDC2436,1
154,"Wall Cabinet: 1 15"" W Glass Door, 24"" W x 36"" H x 12"" D",WDC2436GD,765,ONB-WDC2436GD,695,WHS-WDC2436GD,765,ESS-WDC2436GD,765,SIB-WDC2436GD,695,GRS-WDC2436GD,765,UPB-WDC2436GD,765,MSL-WDC2436GD,765,DGS-WDC2436GD,1
155,"Wall Cabinet: 1 15"" W Door, 24"" W x 42"" H x 12"" D",WDC2442,824,ONB-WDC2442,749,WHS-WDC2442,824,ESS-WDC2442,824,SIB-WDC2442,749,GRS-WDC2442,824,UPB-WDC2442,824,MSL-WDC2442,824,DGS-WDC2442,1
156,"Wall Cabinet: 1 15"" W Glass Door, 24"" W x 42"" H x 12"" D",WDC2442GD,880,ONB-WDC2442GD,800,WHS-WDC2442GD,880,ESS-WDC2442GD,880,SIB-WDC2442GD,800,GRS-WDC2442GD,880,UPB-WDC2442GD,880,MSL-WDC2442GD,880,DGS-WDC2442GD,1
157,"Wall Cabinet: 1 15"" W Door, 27"" W x 36"" H x 15"" D",WDC273615,789,ONB-WDC273615,717,WHS-WDC273615,789,ESS-WDC273615,789,SIB-WDC273615,717,GRS-WDC273615,789,UPB-WDC273615,789,MSL-WDC273615,789,DGS-WDC273615,1
158,"Wall Cabinet: 1 15"" W Glass Door, 27"" W x 36"" H x 15"" D",WDC273615GD,844,ONB-WDC273615GD,767,WHS-WDC273615GD,844,ESS-WDC273615GD,844,SIB-WDC273615GD,767,GRS-WDC273615GD,844,UPB-WDC273615GD,844,MSL-WDC273615GD,844,DGS-WDC273615GD,1
159,"Wall Cabinet: 1 15"" W Door, 27"" W x 42"" H x 15"" D",WDC274215,919,ONB-WDC274215,835,WHS-WDC274215,919,ESS-WDC274215,919,SIB-WDC274215,835,GRS-WDC274215,919,UPB-WDC274215,919,MSL-WDC274215,919,DGS-WDC274215,1
160,"Wall Cabinet: 1 15"" W Glass Door, 27"" W x 42"" H x 15"" D",WDC274215GD,979,ONB-WDC274215GD,890,WHS-WDC274215GD,979,ESS-WDC274215GD,979,SIB-WDC274215GD,890,GRS-WDC274215GD,979,UPB-WDC274215GD,979,MSL-WDC274215GD,979,DGS-WDC274215GD,1
161,"Wall Easy Reach Corner Cabinets, 12"" Depth",,,,,,,,,,,,,,,,,,
162,"Wall Cabinet: 2 Doors, 24"" W x 30"" H, Door to Door Hinge",WLS2430,659,"CONCATENATE(""ONB-"",B162)",599,"CONCATENATE(""WHS-"",B162)",659,"CONCATENATE(""ESS-"",B162)",659,"CONCATENATE(""SIB-"",B162)",599,"CONCATENATE(""GRS-"",B162,)",659,"CONCATENATE(""UPB-"",B162)",659,"CONCATENATE(""MSL-"",B162)",659,"CONCATENATE(""DGS-"",B162)",1
163,"Wall Cabinet: 2 Doors, 24"" W x 36"" H, Door to Door Hinge",WLS2436,712,ONB-WLS2436,647,WHS-WLS2436,712,ESS-WLS2436,712,SIB-WLS2436,647,GRS-WLS2436,712,UPB-WLS2436,712,MSL-WLS2436,712,DGS-WLS2436,1
164,"Wall Cabinet: 2 Doors, 24"" W x 42"" H, Door to Door Hinge",WLS2442,824,ONB-WLS2442,749,WHS-WLS2442,824,ESS-WLS2442,824,SIB-WLS2442,749,GRS-WLS2442,824,UPB-WLS2442,824,MSL-WLS2442,824,DGS-WLS2442,1
165,"Wall End Corner Cabinets, 12"" Depth",,,,,,,,,,,,,,,,,,
166,"Wall Cabinet: 2 Doors, 12"" W x 30"" H",WEC1230,530,"CONCATENATE(""ONB-"",B166)",482,"CONCATENATE(""WHS-"",B166)",530,"CONCATENATE(""ESS-"",B166)",530,"CONCATENATE(""SIB-"",B166)",482,"CONCATENATE(""GRS-"",B166)",530,"CONCATENATE(""UPB-"",B166)",530,"CONCATENATE(""MSL-"",B166)",530,"CONCATENATE(""DGS-"",B166)",2
167,"Wall Cabinet: 2 Doors, 12"" W x 36"" H",WEC1236,565,ONB-WEC1236,514,WHS-WEC1236,565,ESS-WEC1236,565,SIB-WEC1236,514,GRS-WEC1236,565,UPB-WEC1236,565,MSL-WEC1236,565,DGS-WEC1236,2
168,"Wall Cabinet: 2 Doors, 12"" W x 42"" H",WEC1242,601,ONB-WEC1242,546,WHS-WEC1242,601,ESS-WEC1242,601,SIB-WEC1242,546,GRS-WEC1242,601,UPB-WEC1242,601,MSL-WEC1242,601,DGS-WEC1242,2
169,"Wall End Shelves, 12"" Depth",,,,,,,,,,,,,,,,,,
170,"Wall End Shelf: 3 Shelves, 9"" W x 30"" H, Specify Left or Right",WES930,459,"CONCATENATE(""ONB-"",B170)",417,"CONCATENATE(""WHS-"",B170)",459,"CONCATENATE(""ESS-"",B170)",459,"CONCATENATE(""SIB-"",B170)",417,"CONCATENATE(""GRS-"",B170)",459,"CONCATENATE(""UPB-"",B170)",459,"CONCATENATE(""MSL-"",B170)",459,"CONCATENATE(""DGS-"",B170)",0
171,"Wall End Shelf: 3 Shelves, 9"" W x 36"" H, Specify Left or Right",WES936,518,ONB-WES936,471,WHS-WES936,518,ESS-WES936,518,SIB-WES936,471,GRS-WES936,518,UPB-WES936,518,MSL-WES936,518,DGS-WES936,0
172,"Wall End Shelf: 3 Shelves, 9"" W x 42"" H, Specify Left or Right",WES942,618,ONB-WES942,562,WHS-WES942,618,ESS-WES942,618,SIB-WES942,562,GRS-WES942,618,UPB-WES942,618,MSL-WES942,618,DGS-WES942,0
173,"Wall Microwave Cabinets, 12"" Depth, 24"" W x 16"" H Opening",,,,,,,,,,,,,,,,,,
174,"Wall Cabinet: 2 Doors, 27"" W x 30"" H",WMC2730,777,"CONCATENATE(""ONB-"",B174)",706,"CONCATENATE(""WHS-"",B174)",777,"CONCATENATE(""ESS-"",B174)",777,"CONCATENATE(""SIB-"",B174)",706,"CONCATENATE(""GRS-"",B174)",777,"CONCATENATE(""UPB-"",B174)",777,"CONCATENATE(""MSL-"",B174)",777,"CONCATENATE(""DGS-"",B174)",2
175,"Wall Cabinet: 2 Doors, 27"" W x 36"" H",WMC2736,812,ONB-WMC2736,738,WHS-WMC2736,812,ESS-WMC2736,812,SIB-WMC2736,738,GRS-WMC2736,812,UPB-WMC2736,812,MSL-WMC2736,812,DGS-WMC2736,2
176,"Wall Cabinet: 2 Doors, 27"" W x 42"" H",WMC2742,847,ONB-WMC2742,770,WHS-WMC2742,847,ESS-WMC2742,847,SIB-WMC2742,770,GRS-WMC2742,847,UPB-WMC2742,847,MSL-WMC2742,847,DGS-WMC2742,2
177,"Wall Wine Racks, 12"" Deep",,,,,,,,,,,,,,,,,,
178,"Wine Rack: 30"" W x 15"" H",WRC3015,766,"CONCATENATE(""ONB-"",B178)",696,"CONCATENATE(""WHS-"",B178)",766,"CONCATENATE(""ESS-"",B178)",766,"CONCATENATE(""SIB-"",B178)",696,"CONCATENATE(""GRS-"",B178)",766,"CONCATENATE(""UPB-"",B178)",766,"CONCATENATE(""MSL-"",B178)",766,"CONCATENATE(""DGS-"",B178)",0
179,"Wine Rack: 36"" W x 15"" H",WRC3615,801,ONB-WRC3615,728,WHS-WRC3615,801,ESS-WRC3615,801,SIB-WRC3615,728,GRS-WRC3615,801,UPB-WRC3615,801,MSL-WRC3615,801,DGS-WRC3615,0
180,"Wall Glass Racks, 12"" Deep",,,,,,,,,,,,,,,,,,
181,"Wine Glass Rack: 30"" W x 1.5"" H x 12"" D",30GR-glass rack,353,"CONCATENATE(""ONB-"",B181)",321,"CONCATENATE(""WHS-"",B181)",353,"CONCATENATE(""ESS-"",B181)",353,"CONCATENATE(""SIB-"",B181)",321,"CONCATENATE(""GRS-"",B181)",353,"CONCATENATE(""UPB-"",B181)",353,"CONCATENATE(""MSL-"",B181)",353,"CONCATENATE(""DGS-"",B181)",0
182,"Wine Glass Rack: 36"" W x 1.5"" H x 12"" D",36GR-glass rack,413,ONB-36GR-glass rack,375,WHS-36GR-glass rack,413,ESS-36GR-glass rack,413,SIB-36GR-glass rack,375,GRS-36GR-glass rack,413,UPB-36GR-glass rack,413,MSL-36GR-glass rack,413,DGS-36GR-glass rack,0
183,"Vanity Base Cabinets, 21"" Deep",,,,,,,,,,,,,,,,,,
184,"9"" Base Cabinet: 1 Door & 1 Drawer",VB09,563,"CONCATENATE(""ONB-"",B184)",512,"CONCATENATE(""WHS-"",B184)",563,"CONCATENATE(""ESS-"",B184)",563,"CONCATENATE(""SIB-"",B184)",512,"CONCATENATE(""GRS-"",B184)",563,"CONCATENATE(""UPB-"",B184)",563,"CONCATENATE(""MSL-"",B184)",563,"CONCATENATE(""DGS-"",B184)",2
185,"12"" Base Cabinet: 1 Door & 1 Drawer",VB12,618,ONB-VB12,562,WHS-VB12,618,ESS-VB12,618,SIB-VB12,562,GRS-VB12,618,UPB-VB12,618,MSL-VB12,618,DGS-VB12,2
186,"15"" Base Cabinet: 1 Door & 1 Drawer",VB15,677,ONB-VB15,615,WHS-VB15,677,ESS-VB15,677,SIB-VB15,615,GRS-VB15,677,UPB-VB15,677,MSL-VB15,677,DGS-VB15,2
187,"18"" Base Cabinet: 1 Door & 1 Drawer",VB18,743,ONB-VB18,675,WHS-VB18,743,ESS-VB18,743,SIB-VB18,675,GRS-VB18,743,UPB-VB18,743,MSL-VB18,743,DGS-VB18,2
188,"Vanity 3 Drawer Base Cabinets, 21"" Deep",,,,,,,,,,,,,,,,,,
189,"12"" Base Cabinet: 3 Drawers, Drawers are 7"", 11"" and 11"" tall",VDB12,901,"CONCATENATE(""ONB-"",B189)",819,"CONCATENATE(""WHS-"",B189)",901,"CONCATENATE(""ESS-"",B189)",901,"CONCATENATE(""SIB-"",B189)",819,"CONCATENATE(""GRS-"",B189)",901,"CONCATENATE(""UPB-"",B189)",901,"CONCATENATE(""MSL-"",B189)",901,"CONCATENATE(""DGS-"",B189)",3
190,"15"" Base Cabinet: 3 Drawers, Drawers are 7"", 11"" and 11"" tall",VDB15,936,ONB-VDB15,851,WHS-VDB15,936,ESS-VDB15,936,SIB-VDB15,851,GRS-VDB15,936,UPB-VDB15,936,MSL-VDB15,936,DGS-VDB15,3
191,"18"" Base Cabinet: 3 Drawers, Drawers are 7"", 11"" and 11"" tall",VDB18,947,ONB-VDB18,861,WHS-VDB18,947,ESS-VDB18,947,SIB-VDB18,861,GRS-VDB18,947,UPB-VDB18,947,MSL-VDB18,947,DGS-VDB18,3
192,"21"" Base Cabinet: 3 Drawers, Drawers are 7"", 11"" and 11"" tall",VDB21,969,ONB-VDB21,881,WHS-VDB21,969,ESS-VDB21,969,SIB-VDB21,881,GRS-VDB21,969,UPB-VDB21,969,MSL-VDB21,969,DGS-VDB21,3
193,"24"" Base Cabinet: 3 Drawers, Drawers are 7"", 11"" and 11"" tall",VDB24,990,ONB-VDB24,900,WHS-VDB24,990,Out of Stock,990,SIB-VDB24,900,Out of Stock,990,UPB-VDB24,990,MSL-VDB24,990,DGS-VDB24,3
194,"Vanity Sink Base Cabinets, 21"" Deep",,,,,,,,,,,,,,,,,,
195,"24"" Base Cabinet: 2 Doors & 1 False Drawer",VSB24,553,"CONCATENATE(""ONB-"",B195)",503,"CONCATENATE(""WHS-"",B195)",553,"CONCATENATE(""ESS-"",B195)",553,"CONCATENATE(""SIB-"",B195)",503,"CONCATENATE(""GRS-"",B195)",553,"CONCATENATE(""UPB-"",B195)",553,"CONCATENATE(""MSL-"",B195)",553,"CONCATENATE(""DGS-"",B195)",2
196,"27"" Base Cabinet: 2 Doors & 1 False Drawer",VSB27,583,ONB-VSB27,530,WHS-VSB27,583,ESS-VSB27,583,SIB-VSB27,530,GRS-VSB27,583,UPB-VSB27,583,MSL-VSB27,583,DGS-VSB27,2
197,"30"" Base Cabinet: 2 Doors & 1 False Drawer",VSB30,606,ONB-VSB30,551,WHS-VSB30,606,ESS-VSB30,606,SIB-VSB30,551,GRS-VSB30,606,UPB-VSB30,606,MSL-VSB30,606,DGS-VSB30,2
198,"36"" Base Cabinet: 2 Doors & 1 False Drawer",VSB36,641,ONB-VSB36,583,WHS-VSB36,641,ESS-VSB36,641,SIB-VSB36,583,GRS-VSB36,641,UPB-VSB36,641,MSL-VSB36,641,DGS-VSB36,2
199,"Vanity Sink Base Combo Cabinets, 21"" Deep",,,,,,,,,,,,,,,,,,
200,"30"" Base Cabinet: 1 Door, 2 Drawers Left, 1 False Drawer Front",VSD3021DL,1119,"CONCATENATE(""ONB-"",B200)",1017,"CONCATENATE(""WHS-"",B200)",1119,"CONCATENATE(""ESS-"",B200)",1119,"CONCATENATE(""SIB-"",B200)",1017,"CONCATENATE(""GRS-"",B200)",1119,"CONCATENATE(""UPB-"",B200)",1119,"CONCATENATE(""MSL-"",B200)",1119,"CONCATENATE(""DGS-"",B200)",3
201,"30"" Base Cabinet: 1 Door, 2 Drawers Right, 1 False Drawer Front",VSD3021DR,1119,ONB-VSD3021DR,1017,WHS-VSD3021DR,1119,ESS-VSD3021DR,1119,SIB-VSD3021DR,1017,GRS-VSD3021DR,1119,UPB-VSD3021DR,1119,MSL-VSD3021DR,1119,DGS-VSD3021DR,3
202,"36"" Base Cabinet: 1 Door, 2 Drawers Left, 1 False Drawer Front",VSD3621DL,1236,ONB-VSD3621DL,1124,WHS-VSD3621DL,1236,ESS-VSD3621DL,1236,SIB-VSD3621DL,1124,GRS-VSD3621DL,1236,UPB-VSD3621DL,1236,MSL-VSD3621DL,1236,DGS-VSD3621DL,4
203,"36"" Base Cabinet: 1 Door, 2 Drawers Right, 1 False Drawer Front",VSD3621DR,1236,ONB-VSD3621DR,1124,WHS-VSD3621DR,1236,ESS-VSD3621DR,1236,SIB-VSD3621DR,1124,GRS-VSD3621DR,1236,UPB-VSD3621DR,1236,MSL-VSD3621DR,1236,DGS-VSD3621DR,4
204,"42"" Base Cabinet: 2 Doors, 2 Drawers, & 1 False Drawer (Centered Sink)",VSD4221,1707,ONB-VSD4221,1552,WHS-VSD4221,1707,ESS-VSD4221,1707,SIB-VSD4221,1552,GRS-VSD4221,1707,UPB-VSD4221,1707,MSL-VSD4221,1707,DGS-VSD4221,4
205,"48"" Base Cabinet: 2 Doors, Sink Centered, 12"" Drawer Banks on both sides",VSD4821D,2096,ONB-VSD4821D,1905,WHS-VSD4821D,2096,ESS-VSD4821D,2096,SIB-VSD4821D,1905,GRS-VSD4821D,2096,UPB-VSD4821D,2096,MSL-VSD4821D,2096,DGS-VSD4821D,8
206,"60"" Base Cabinet: 2 Doors, Sink Centered, 12"" Drawer Banks on both sides",VSD6021D,2389,ONB-VSD6021D,2172,WHS-VSD6021D,2389,ESS-VSD6021D,2389,SIB-VSD6021D,2172,GRS-VSD6021D,2389,UPB-VSD6021D,2389,MSL-VSD6021D,2389,DGS-VSD6021D,8
207,"60"" Base Cabinet: Double Sink, 4 Doors & (3) 12"" W Drawers centered",VSD6021DD,2178,ONB-VSD6021DD,1980,WHS-VSD6021DD,2178,ESS-VSD6021DD,2178,SIB-VSD6021DD,1980,GRS-VSD6021DD,2178,UPB-VSD6021DD,2178,MSL-VSD6021DD,2178,DGS-VSD6021DD,7
208,"Vanity Knee Drawers, 21"" Deep",,,,,,,,,,,,,,,,,,
209,"Knee Drawer: 24"" W x 7"" H, 1 Drawer",KD24,212,"CONCATENATE(""ONB-"",B209)",193,"CONCATENATE(""WHS-"",B209)",212,"CONCATENATE(""ESS-"",B209)",212,"CONCATENATE(""SIB-"",B209)",193,"CONCATENATE(""GRS-"",B209)",212,"CONCATENATE(""UPB-"",B209)",212,"CONCATENATE(""MSL-"",B209)",212,"CONCATENATE(""DGS-"",B209)",1
210,"Knee Drawer: 30"" W x 7"" H, 1 Drawer",KD30,235,ONB-KD30,214,WHS-KD30,235,ESS-KD30,235,SIB-KD30,214,GRS-KD30,235,UPB-KD30,235,MSL-KD30,235,DGS-KD30,1
211,"Knee Drawer: 36"" W x 7"" H, 1 Drawer",KD36,283,ONB-KD36,257,WHS-KD36,283,ESS-KD36,283,SIB-KD36,257,GRS-KD36,283,UPB-KD36,283,MSL-KD36,283,DGS-KD36,1
212,"Vanity Linen Cabinets, 21"" Deep",,,,,,,,,,,,,,,,,,
213,"Vanity Countertop Linen Cabinet: 12"" W x 45"" H, Sits on top of counter",DV1248,724,"CONCATENATE(""ONB-"",B213)",658,"CONCATENATE(""WHS-"",B213)",724,"CONCATENATE(""ESS-"",B213)",724,"CONCATENATE(""SIB-"",B213)",658,"CONCATENATE(""GRS-"",B213)",724,"CONCATENATE(""UPB-"",B213)",724,"CONCATENATE(""MSL-"",B213)",724,"CONCATENATE(""DGS-"",B213)",3
214,"Vanity Tall Linen Cabinet: 1 Door & 3 Drawers, 18"" W x 84"" H",SVA188421,2048,ONB-SVA188421,1862,WHS-SVA188421,2048,ESS-SVA188421,2048,SIB-SVA188421,1862,GRS-SVA188421,2048,UPB-SVA188421,2048,MSL-SVA188421,2048,DGS-SVA188421,4
215,"Roll Out Trays, 21"" Deep",,,,,,,,,,,,,,,,,,
216,"15"" Roll Out Tray: 15"" W x 4"" H",ROT15,118,ROT15,117.7,ROT15,118,ROT15,118,ROT15,117.7,ROT15,118,ROT15,118,ROT15,118,ROT15,
217,"18"" Roll Out Tray: 15"" W x 4"" H",ROT18,120,ROT18,120,ROT18,120,ROT18,120,ROT18,120,ROT18,120,ROT18,120,ROT18,120,ROT18,
218,"21"" Roll Out Tray: 15"" W x 4"" H",ROT21,130,ROT21,130,ROT21,130,ROT21,130,ROT21,130,ROT21,130,ROT21,130,ROT21,130,ROT21,
219,"24"" Roll Out Tray: 15"" W x 4"" H",ROT24,140,ROT24,140,ROT24,140,ROT24,140,ROT24,140,ROT24,140,ROT24,140,ROT24,140,ROT24,
220,"27"" Roll Out Tray: 15"" W x 4"" H",ROT27,150,ROT27,150,ROT27,150,ROT27,150,ROT27,150,ROT27,150,ROT27,150,ROT27,150,ROT27,
221,"30"" Roll Out Tray: 15"" W x 4"" H",ROT30,160,ROT30,160,ROT30,160,ROT30,160,ROT30,160,ROT30,160,ROT30,160,ROT30,160,ROT30,
222,"33"" Roll Out Tray: 15"" W x 4"" H",ROT33,180,ROT33,180,ROT33,180,ROT33,180,ROT33,180,ROT33,180,ROT33,180,ROT33,180,ROT33,
223,"36"" Roll Out Tray: 15"" W x 4"" H",ROT36,200,ROT36,200,ROT36,200,ROT36,200,ROT36,200,ROT36,200,ROT36,200,ROT36,200,ROT36,
